-- phpMyAdmin SQL Dump
-- version 4.5.2
-- http://www.phpmyadmin.net
--
-- Host: localhost
-- Generation Time: Mar 06, 2017 at 08:48 
-- Server version: 10.1.19-MariaDB
-- PHP Version: 7.0.9

SET SQL_MODE = "NO_AUTO_VALUE_ON_ZERO";
SET time_zone = "+00:00";


/*!40101 SET @OLD_CHARACTER_SET_CLIENT=@@CHARACTER_SET_CLIENT */;
/*!40101 SET @OLD_CHARACTER_SET_RESULTS=@@CHARACTER_SET_RESULTS */;
/*!40101 SET @OLD_COLLATION_CONNECTION=@@COLLATION_CONNECTION */;
/*!40101 SET NAMES utf8mb4 */;

--
-- Database: `techpointlist`
--

-- --------------------------------------------------------

--
-- Table structure for table `admins`
--

CREATE TABLE `admins` (
  `id` int(11) NOT NULL,
  `name` varchar(200) DEFAULT NULL,
  `username` varchar(200) DEFAULT NULL,
  `password` varchar(200) DEFAULT NULL,
  `email` varchar(200) DEFAULT NULL,
  `phone_number` varchar(200) DEFAULT NULL,
  `created_at` datetime DEFAULT NULL,
  `updated_at` datetime DEFAULT NULL,
  `remember_token` varchar(200) DEFAULT NULL
) ENGINE=InnoDB DEFAULT CHARSET=latin1;

--
-- Dumping data for table `admins`
--

INSERT INTO `admins` (`id`, `name`, `username`, `password`, `email`, `phone_number`, `created_at`, `updated_at`, `remember_token`) VALUES
(1, 'Bakare', 'Tiemma', '$2y$10$4U.pUU3W8AuJYmyieta2TOJa18/XTTWLP2fEGIGVU/5exWRcOztw.', 'j@j.com', NULL, '2017-01-20 22:17:42', '2017-01-20 22:17:42', NULL),
(2, 'Bakare', 'Tiemma', '$2y$10$0A1M4sosJYdiLPNkrW3zwu3u3cRVEF8dYwwXGTTlnvv4A6yVYfuVC', 'b@b.com', NULL, '2017-02-09 17:40:15', '2017-02-09 17:40:15', NULL);

-- --------------------------------------------------------

--
-- Table structure for table `companies`
--

CREATE TABLE `companies` (
  `id` int(11) NOT NULL,
  `industry_id` int(11) DEFAULT NULL,
  `name` varchar(200) DEFAULT NULL,
  `logo_url` varchar(200) DEFAULT NULL,
  `location` varchar(200) DEFAULT NULL,
  `brief_profile` varchar(200) DEFAULT NULL,
  `trending` tinyint(1) DEFAULT NULL,
  `created_at` datetime DEFAULT NULL,
  `updated_at` datetime DEFAULT NULL
) ENGINE=InnoDB DEFAULT CHARSET=latin1;

--
-- Dumping data for table `companies`
--

INSERT INTO `companies` (`id`, `industry_id`, `name`, `logo_url`, `location`, `brief_profile`, `trending`, `created_at`, `updated_at`) VALUES
(1, NULL, 'HealthFacts NG', '/images/redbank.jpg', 'Yaba, Lagos', 'This is a very brief profile', NULL, NULL, NULL),
(2, NULL, 'Google Inc.', '/images/sad.png', 'San Francisco, USA', 'They''re a very big tech company', NULL, NULL, NULL);

-- --------------------------------------------------------

--
-- Table structure for table `events`
--

CREATE TABLE `events` (
  `id` int(11) NOT NULL,
  `industry_id` int(11) DEFAULT NULL,
  `name` varchar(200) DEFAULT NULL,
  `address` varchar(200) DEFAULT NULL,
  `brief_profile` text,
  `event_date` varchar(200) DEFAULT NULL,
  `registration_link` varchar(700) DEFAULT NULL,
  `logo_url` varchar(200) DEFAULT NULL,
  `contact_name` varchar(200) DEFAULT NULL,
  `contact_email` varchar(200) DEFAULT NULL,
  `contact_phone_no` varchar(200) DEFAULT NULL,
  `trending` tinyint(1) DEFAULT NULL,
  `created_at` datetime DEFAULT NULL,
  `updated_at` datetime DEFAULT NULL
) ENGINE=InnoDB DEFAULT CHARSET=latin1;

--
-- Dumping data for table `events`
--

INSERT INTO `events` (`id`, `industry_id`, `name`, `address`, `brief_profile`, `event_date`, `registration_link`, `logo_url`, `contact_name`, `contact_email`, `contact_phone_no`, `trending`, `created_at`, `updated_at`) VALUES
(1, NULL, 'Drink With Us', '149, Herbert Macauly Road, Surulere, Lagos, Nigeria.', 'Blank dots', '4th January, 2016', NULL, '/images/innovationheader.png', NULL, NULL, NULL, NULL, '2017-02-01 10:40:39', '2017-02-01 10:40:39'),
(2, NULL, 'Drink With Us', '149, Herbert Macauly Road, Surulere, Lagos, Nigeria.', '  What is Lorem Ipsum?\n                                Lorem Ipsum is simply dummy text of the printing and typesetting industry. Lorem Ipsum has been the industry''s standard dummy text ever since the 1500s, when an unknown printer took a galley of type and scrambled it to make a type specimen book. It has survived not only five centuries, but also the leap into electronic typesetting, remaining essentially unchanged. It was popularised in the 1960s with the release of Letraset sheets containing Lorem Ipsum passages, and more recently with desktop publishing software like Aldus PageMaker including versions of Lorem Ipsum.\n\n                                Why do we use it?\n                                It is a long established fact that a reader will be distracted by the readable content of a page when looking at its layout. The point of using Lorem Ipsum is that it has a more-or-less normal distribution of letters, as opposed to using ''Content here, content here'', making it look like readable English. Many desktop publishing packages and web page editors now use Lorem Ipsum as their default model text, and a search for ''lorem ipsum'' will uncover many web sites still in their infancy. Various versions have evolved over the years, sometimes by accident, sometimes on purpose (injected humour and the like).\n\n\n                                Where does it come from?\n                                Contrary to popular belief, Lorem Ipsum is not simply random text. It has roots in a piece of classical Latin literature from 45 BC, making it over 2000 years old. Richard McClintock, a Latin professor at Hampden-Sydney College in Virginia, looked up one of the more obscure Latin words, consectetur, from a Lorem Ipsum passage, and going through the cites of the word in classical literature, discovered the undoubtable source. Lorem Ipsum comes from sections 1.10.32 and 1.10.33 of "de Finibus Bonorum et Malorum" (The Extremes of Good and Evil) by Cicero, written in 45 BC. This book is a treatise on the theory of ethics, very popular during the Renaissance. The first line of Lorem Ipsum, "Lorem ipsum dolor sit amet..", comes from a line in section 1.10.32.\n\n                                The standard chunk of Lorem Ipsum used since the 1500s is reproduced below for those interested. Sections 1.10.32 and 1.10.33 from "de Finibus Bonorum et Malorum" by Cicero are also reproduced in their exact original form, accompanied by English versions from the 1914 translation by H. Rackham.What is Lorem Ipsum?\n                                Lorem Ipsum is simply dummy text of the printing and typesetting industry. Lorem Ipsum has been the industry''s standard dummy text ever since the 1500s, when an unknown printer took a galley of type and scrambled it to make a type specimen book. It has survived not only five centuries, but also the leap into electronic typesetting, remaining essentially unchanged. It was popularised in the 1960s with the release of Letraset sheets containing Lorem Ipsum passages, and more recently with desktop publishing software like Aldus PageMaker including versions of Lorem Ipsum.\n\n                                Why do we use it?\n                                It is a long established fact that a reader will be distracted by the readable content of a page when looking at its layout. The point of using Lorem Ipsum is that it has a more-or-less normal distribution of letters, as opposed to using ''Content here, content here'', making it look like readable English. Many desktop publishing packages and web page editors now use Lorem Ipsum as their default model text, and a search for ''lorem ipsum'' will uncover many web sites still in their infancy. Various versions have evolved over the years, sometimes by accident, sometimes on purpose (injected humour and the like).\n\n\n                                Where does it come from?\n                                Contrary to popular belief, Lorem Ipsum is not simply random text. It has roots in a piece of classical Latin literature from 45 BC, making it over 2000 years old. Richard McClintock, a Latin professor at Hampden-Sydney College in Virginia, looked up one of the more obscure Latin words, consectetur, from a Lorem Ipsum passage, and going through the cites of the word in classical literature, discovered the undoubtable source. Lorem Ipsum comes from sections 1.10.32 and 1.10.33 of "de Finibus Bonorum et Malorum" (The Extremes of Good and Evil) by Cicero, written in 45 BC. This book is a treatise on the theory of ethics, very popular during the Renaissance. The first line of Lorem Ipsum, "Lorem ipsum dolor sit amet..", comes from a line in section 1.10.32.\n\n                                The standard chunk of Lorem Ipsum used since the 1500s is reproduced below for those interested. Sections 1.10.32 and 1.10.33 from "de Finibus Bonorum et Malorum" by Cicero are also reproduced in their exact original form, accompanied by English versions from the 1914 translation by H. Rackham.\n                            ', '4th January, 2016', NULL, '/images/innovationheader.png', NULL, NULL, NULL, NULL, '2017-02-01 10:40:40', '2017-02-01 10:40:40'),
(3, NULL, 'Drink With Us', '149, Herbert Macauly Road, Surulere, Lagos, Nigeria.', '  What is Lorem Ipsum?\n                                Lorem Ipsum is simply dummy text of the printing and typesetting industry. Lorem Ipsum has been the industry''s standard dummy text ever since the 1500s, when an unknown printer took a galley of type and scrambled it to make a type specimen book. It has survived not only five centuries, but also the leap into electronic typesetting, remaining essentially unchanged. It was popularised in the 1960s with the release of Letraset sheets containing Lorem Ipsum passages, and more recently with desktop publishing software like Aldus PageMaker including versions of Lorem Ipsum.\n\n                                Why do we use it?\n                                It is a long established fact that a reader will be distracted by the readable content of a page when looking at its layout. The point of using Lorem Ipsum is that it has a more-or-less normal distribution of letters, as opposed to using ''Content here, content here'', making it look like readable English. Many desktop publishing packages and web page editors now use Lorem Ipsum as their default model text, and a search for ''lorem ipsum'' will uncover many web sites still in their infancy. Various versions have evolved over the years, sometimes by accident, sometimes on purpose (injected humour and the like).\n\n\n                                Where does it come from?\n                                Contrary to popular belief, Lorem Ipsum is not simply random text. It has roots in a piece of classical Latin literature from 45 BC, making it over 2000 years old. Richard McClintock, a Latin professor at Hampden-Sydney College in Virginia, looked up one of the more obscure Latin words, consectetur, from a Lorem Ipsum passage, and going through the cites of the word in classical literature, discovered the undoubtable source. Lorem Ipsum comes from sections 1.10.32 and 1.10.33 of "de Finibus Bonorum et Malorum" (The Extremes of Good and Evil) by Cicero, written in 45 BC. This book is a treatise on the theory of ethics, very popular during the Renaissance. The first line of Lorem Ipsum, "Lorem ipsum dolor sit amet..", comes from a line in section 1.10.32.\n\n                                The standard chunk of Lorem Ipsum used since the 1500s is reproduced below for those interested. Sections 1.10.32 and 1.10.33 from "de Finibus Bonorum et Malorum" by Cicero are also reproduced in their exact original form, accompanied by English versions from the 1914 translation by H. Rackham.What is Lorem Ipsum?\n                                Lorem Ipsum is simply dummy text of the printing and typesetting industry. Lorem Ipsum has been the industry''s standard dummy text ever since the 1500s, when an unknown printer took a galley of type and scrambled it to make a type specimen book. It has survived not only five centuries, but also the leap into electronic typesetting, remaining essentially unchanged. It was popularised in the 1960s with the release of Letraset sheets containing Lorem Ipsum passages, and more recently with desktop publishing software like Aldus PageMaker including versions of Lorem Ipsum.\n\n                                Why do we use it?\n                                It is a long established fact that a reader will be distracted by the readable content of a page when looking at its layout. The point of using Lorem Ipsum is that it has a more-or-less normal distribution of letters, as opposed to using ''Content here, content here'', making it look like readable English. Many desktop publishing packages and web page editors now use Lorem Ipsum as their default model text, and a search for ''lorem ipsum'' will uncover many web sites still in their infancy. Various versions have evolved over the years, sometimes by accident, sometimes on purpose (injected humour and the like).\n\n\n                                Where does it come from?\n                                Contrary to popular belief, Lorem Ipsum is not simply random text. It has roots in a piece of classical Latin literature from 45 BC, making it over 2000 years old. Richard McClintock, a Latin professor at Hampden-Sydney College in Virginia, looked up one of the more obscure Latin words, consectetur, from a Lorem Ipsum passage, and going through the cites of the word in classical literature, discovered the undoubtable source. Lorem Ipsum comes from sections 1.10.32 and 1.10.33 of "de Finibus Bonorum et Malorum" (The Extremes of Good and Evil) by Cicero, written in 45 BC. This book is a treatise on the theory of ethics, very popular during the Renaissance. The first line of Lorem Ipsum, "Lorem ipsum dolor sit amet..", comes from a line in section 1.10.32.\n\n                                The standard chunk of Lorem Ipsum used since the 1500s is reproduced below for those interested. Sections 1.10.32 and 1.10.33 from "de Finibus Bonorum et Malorum" by Cicero are also reproduced in their exact original form, accompanied by English versions from the 1914 translation by H. Rackham.\n                            ', '4th January, 2016', NULL, '/images/innovationheader.png', NULL, NULL, NULL, NULL, '2017-02-01 10:40:40', '2017-02-01 10:40:40'),
(4, NULL, 'Drink With Us', '149, Herbert Macauly Road, Surulere, Lagos, Nigeria.', '  What is Lorem Ipsum?\n                                Lorem Ipsum is simply dummy text of the printing and typesetting industry. Lorem Ipsum has been the industry''s standard dummy text ever since the 1500s, when an unknown printer took a galley of type and scrambled it to make a type specimen book. It has survived not only five centuries, but also the leap into electronic typesetting, remaining essentially unchanged. It was popularised in the 1960s with the release of Letraset sheets containing Lorem Ipsum passages, and more recently with desktop publishing software like Aldus PageMaker including versions of Lorem Ipsum.\n\n                                Why do we use it?\n                                It is a long established fact that a reader will be distracted by the readable content of a page when looking at its layout. The point of using Lorem Ipsum is that it has a more-or-less normal distribution of letters, as opposed to using ''Content here, content here'', making it look like readable English. Many desktop publishing packages and web page editors now use Lorem Ipsum as their default model text, and a search for ''lorem ipsum'' will uncover many web sites still in their infancy. Various versions have evolved over the years, sometimes by accident, sometimes on purpose (injected humour and the like).\n\n\n                                Where does it come from?\n                                Contrary to popular belief, Lorem Ipsum is not simply random text. It has roots in a piece of classical Latin literature from 45 BC, making it over 2000 years old. Richard McClintock, a Latin professor at Hampden-Sydney College in Virginia, looked up one of the more obscure Latin words, consectetur, from a Lorem Ipsum passage, and going through the cites of the word in classical literature, discovered the undoubtable source. Lorem Ipsum comes from sections 1.10.32 and 1.10.33 of "de Finibus Bonorum et Malorum" (The Extremes of Good and Evil) by Cicero, written in 45 BC. This book is a treatise on the theory of ethics, very popular during the Renaissance. The first line of Lorem Ipsum, "Lorem ipsum dolor sit amet..", comes from a line in section 1.10.32.\n\n                                The standard chunk of Lorem Ipsum used since the 1500s is reproduced below for those interested. Sections 1.10.32 and 1.10.33 from "de Finibus Bonorum et Malorum" by Cicero are also reproduced in their exact original form, accompanied by English versions from the 1914 translation by H. Rackham.What is Lorem Ipsum?\n                                Lorem Ipsum is simply dummy text of the printing and typesetting industry. Lorem Ipsum has been the industry''s standard dummy text ever since the 1500s, when an unknown printer took a galley of type and scrambled it to make a type specimen book. It has survived not only five centuries, but also the leap into electronic typesetting, remaining essentially unchanged. It was popularised in the 1960s with the release of Letraset sheets containing Lorem Ipsum passages, and more recently with desktop publishing software like Aldus PageMaker including versions of Lorem Ipsum.\n\n                                Why do we use it?\n                                It is a long established fact that a reader will be distracted by the readable content of a page when looking at its layout. The point of using Lorem Ipsum is that it has a more-or-less normal distribution of letters, as opposed to using ''Content here, content here'', making it look like readable English. Many desktop publishing packages and web page editors now use Lorem Ipsum as their default model text, and a search for ''lorem ipsum'' will uncover many web sites still in their infancy. Various versions have evolved over the years, sometimes by accident, sometimes on purpose (injected humour and the like).\n\n\n                                Where does it come from?\n                                Contrary to popular belief, Lorem Ipsum is not simply random text. It has roots in a piece of classical Latin literature from 45 BC, making it over 2000 years old. Richard McClintock, a Latin professor at Hampden-Sydney College in Virginia, looked up one of the more obscure Latin words, consectetur, from a Lorem Ipsum passage, and going through the cites of the word in classical literature, discovered the undoubtable source. Lorem Ipsum comes from sections 1.10.32 and 1.10.33 of "de Finibus Bonorum et Malorum" (The Extremes of Good and Evil) by Cicero, written in 45 BC. This book is a treatise on the theory of ethics, very popular during the Renaissance. The first line of Lorem Ipsum, "Lorem ipsum dolor sit amet..", comes from a line in section 1.10.32.\n\n                                The standard chunk of Lorem Ipsum used since the 1500s is reproduced below for those interested. Sections 1.10.32 and 1.10.33 from "de Finibus Bonorum et Malorum" by Cicero are also reproduced in their exact original form, accompanied by English versions from the 1914 translation by H. Rackham.\n                            ', '4th January, 2016', NULL, '/images/innovationheader.png', NULL, NULL, NULL, NULL, '2017-02-01 10:40:40', '2017-02-01 10:40:40'),
(5, NULL, 'Drink With Us', '149, Herbert Macauly Road, Surulere, Lagos, Nigeria.', '  What is Lorem Ipsum?\n                                Lorem Ipsum is simply dummy text of the printing and typesetting industry. Lorem Ipsum has been the industry''s standard dummy text ever since the 1500s, when an unknown printer took a galley of type and scrambled it to make a type specimen book. It has survived not only five centuries, but also the leap into electronic typesetting, remaining essentially unchanged. It was popularised in the 1960s with the release of Letraset sheets containing Lorem Ipsum passages, and more recently with desktop publishing software like Aldus PageMaker including versions of Lorem Ipsum.\n\n                                Why do we use it?\n                                It is a long established fact that a reader will be distracted by the readable content of a page when looking at its layout. The point of using Lorem Ipsum is that it has a more-or-less normal distribution of letters, as opposed to using ''Content here, content here'', making it look like readable English. Many desktop publishing packages and web page editors now use Lorem Ipsum as their default model text, and a search for ''lorem ipsum'' will uncover many web sites still in their infancy. Various versions have evolved over the years, sometimes by accident, sometimes on purpose (injected humour and the like).\n\n\n                                Where does it come from?\n                                Contrary to popular belief, Lorem Ipsum is not simply random text. It has roots in a piece of classical Latin literature from 45 BC, making it over 2000 years old. Richard McClintock, a Latin professor at Hampden-Sydney College in Virginia, looked up one of the more obscure Latin words, consectetur, from a Lorem Ipsum passage, and going through the cites of the word in classical literature, discovered the undoubtable source. Lorem Ipsum comes from sections 1.10.32 and 1.10.33 of "de Finibus Bonorum et Malorum" (The Extremes of Good and Evil) by Cicero, written in 45 BC. This book is a treatise on the theory of ethics, very popular during the Renaissance. The first line of Lorem Ipsum, "Lorem ipsum dolor sit amet..", comes from a line in section 1.10.32.\n\n                                The standard chunk of Lorem Ipsum used since the 1500s is reproduced below for those interested. Sections 1.10.32 and 1.10.33 from "de Finibus Bonorum et Malorum" by Cicero are also reproduced in their exact original form, accompanied by English versions from the 1914 translation by H. Rackham.What is Lorem Ipsum?\n                                Lorem Ipsum is simply dummy text of the printing and typesetting industry. Lorem Ipsum has been the industry''s standard dummy text ever since the 1500s, when an unknown printer took a galley of type and scrambled it to make a type specimen book. It has survived not only five centuries, but also the leap into electronic typesetting, remaining essentially unchanged. It was popularised in the 1960s with the release of Letraset sheets containing Lorem Ipsum passages, and more recently with desktop publishing software like Aldus PageMaker including versions of Lorem Ipsum.\n\n                                Why do we use it?\n                                It is a long established fact that a reader will be distracted by the readable content of a page when looking at its layout. The point of using Lorem Ipsum is that it has a more-or-less normal distribution of letters, as opposed to using ''Content here, content here'', making it look like readable English. Many desktop publishing packages and web page editors now use Lorem Ipsum as their default model text, and a search for ''lorem ipsum'' will uncover many web sites still in their infancy. Various versions have evolved over the years, sometimes by accident, sometimes on purpose (injected humour and the like).\n\n\n                                Where does it come from?\n                                Contrary to popular belief, Lorem Ipsum is not simply random text. It has roots in a piece of classical Latin literature from 45 BC, making it over 2000 years old. Richard McClintock, a Latin professor at Hampden-Sydney College in Virginia, looked up one of the more obscure Latin words, consectetur, from a Lorem Ipsum passage, and going through the cites of the word in classical literature, discovered the undoubtable source. Lorem Ipsum comes from sections 1.10.32 and 1.10.33 of "de Finibus Bonorum et Malorum" (The Extremes of Good and Evil) by Cicero, written in 45 BC. This book is a treatise on the theory of ethics, very popular during the Renaissance. The first line of Lorem Ipsum, "Lorem ipsum dolor sit amet..", comes from a line in section 1.10.32.\n\n                                The standard chunk of Lorem Ipsum used since the 1500s is reproduced below for those interested. Sections 1.10.32 and 1.10.33 from "de Finibus Bonorum et Malorum" by Cicero are also reproduced in their exact original form, accompanied by English versions from the 1914 translation by H. Rackham.\n                            ', '4th January, 2016', NULL, '/images/innovationheader.png', NULL, NULL, NULL, NULL, '2017-02-01 10:40:41', '2017-02-01 10:40:41'),
(6, NULL, 'Drink With Us', '149, Herbert Macauly Road, Surulere, Lagos, Nigeria.', '  What is Lorem Ipsum?\n                                Lorem Ipsum is simply dummy text of the printing and typesetting industry. Lorem Ipsum has been the industry''s standard dummy text ever since the 1500s, when an unknown printer took a galley of type and scrambled it to make a type specimen book. It has survived not only five centuries, but also the leap into electronic typesetting, remaining essentially unchanged. It was popularised in the 1960s with the release of Letraset sheets containing Lorem Ipsum passages, and more recently with desktop publishing software like Aldus PageMaker including versions of Lorem Ipsum.\n\n                                Why do we use it?\n                                It is a long established fact that a reader will be distracted by the readable content of a page when looking at its layout. The point of using Lorem Ipsum is that it has a more-or-less normal distribution of letters, as opposed to using ''Content here, content here'', making it look like readable English. Many desktop publishing packages and web page editors now use Lorem Ipsum as their default model text, and a search for ''lorem ipsum'' will uncover many web sites still in their infancy. Various versions have evolved over the years, sometimes by accident, sometimes on purpose (injected humour and the like).\n\n\n                                Where does it come from?\n                                Contrary to popular belief, Lorem Ipsum is not simply random text. It has roots in a piece of classical Latin literature from 45 BC, making it over 2000 years old. Richard McClintock, a Latin professor at Hampden-Sydney College in Virginia, looked up one of the more obscure Latin words, consectetur, from a Lorem Ipsum passage, and going through the cites of the word in classical literature, discovered the undoubtable source. Lorem Ipsum comes from sections 1.10.32 and 1.10.33 of "de Finibus Bonorum et Malorum" (The Extremes of Good and Evil) by Cicero, written in 45 BC. This book is a treatise on the theory of ethics, very popular during the Renaissance. The first line of Lorem Ipsum, "Lorem ipsum dolor sit amet..", comes from a line in section 1.10.32.\n\n                                The standard chunk of Lorem Ipsum used since the 1500s is reproduced below for those interested. Sections 1.10.32 and 1.10.33 from "de Finibus Bonorum et Malorum" by Cicero are also reproduced in their exact original form, accompanied by English versions from the 1914 translation by H. Rackham.What is Lorem Ipsum?\n                                Lorem Ipsum is simply dummy text of the printing and typesetting industry. Lorem Ipsum has been the industry''s standard dummy text ever since the 1500s, when an unknown printer took a galley of type and scrambled it to make a type specimen book. It has survived not only five centuries, but also the leap into electronic typesetting, remaining essentially unchanged. It was popularised in the 1960s with the release of Letraset sheets containing Lorem Ipsum passages, and more recently with desktop publishing software like Aldus PageMaker including versions of Lorem Ipsum.\n\n                                Why do we use it?\n                                It is a long established fact that a reader will be distracted by the readable content of a page when looking at its layout. The point of using Lorem Ipsum is that it has a more-or-less normal distribution of letters, as opposed to using ''Content here, content here'', making it look like readable English. Many desktop publishing packages and web page editors now use Lorem Ipsum as their default model text, and a search for ''lorem ipsum'' will uncover many web sites still in their infancy. Various versions have evolved over the years, sometimes by accident, sometimes on purpose (injected humour and the like).\n\n\n                                Where does it come from?\n                                Contrary to popular belief, Lorem Ipsum is not simply random text. It has roots in a piece of classical Latin literature from 45 BC, making it over 2000 years old. Richard McClintock, a Latin professor at Hampden-Sydney College in Virginia, looked up one of the more obscure Latin words, consectetur, from a Lorem Ipsum passage, and going through the cites of the word in classical literature, discovered the undoubtable source. Lorem Ipsum comes from sections 1.10.32 and 1.10.33 of "de Finibus Bonorum et Malorum" (The Extremes of Good and Evil) by Cicero, written in 45 BC. This book is a treatise on the theory of ethics, very popular during the Renaissance. The first line of Lorem Ipsum, "Lorem ipsum dolor sit amet..", comes from a line in section 1.10.32.\n\n                                The standard chunk of Lorem Ipsum used since the 1500s is reproduced below for those interested. Sections 1.10.32 and 1.10.33 from "de Finibus Bonorum et Malorum" by Cicero are also reproduced in their exact original form, accompanied by English versions from the 1914 translation by H. Rackham.\n                            ', '4th January, 2016', NULL, '/images/innovationheader.png', NULL, NULL, NULL, NULL, '2017-02-01 10:40:41', '2017-02-01 10:40:41'),
(7, NULL, 'Drink With Us', '149, Herbert Macauly Road, Surulere, Lagos, Nigeria.', '  What is Lorem Ipsum?\n                                Lorem Ipsum is simply dummy text of the printing and typesetting industry. Lorem Ipsum has been the industry''s standard dummy text ever since the 1500s, when an unknown printer took a galley of type and scrambled it to make a type specimen book. It has survived not only five centuries, but also the leap into electronic typesetting, remaining essentially unchanged. It was popularised in the 1960s with the release of Letraset sheets containing Lorem Ipsum passages, and more recently with desktop publishing software like Aldus PageMaker including versions of Lorem Ipsum.\n\n                                Why do we use it?\n                                It is a long established fact that a reader will be distracted by the readable content of a page when looking at its layout. The point of using Lorem Ipsum is that it has a more-or-less normal distribution of letters, as opposed to using ''Content here, content here'', making it look like readable English. Many desktop publishing packages and web page editors now use Lorem Ipsum as their default model text, and a search for ''lorem ipsum'' will uncover many web sites still in their infancy. Various versions have evolved over the years, sometimes by accident, sometimes on purpose (injected humour and the like).\n\n\n                                Where does it come from?\n                                Contrary to popular belief, Lorem Ipsum is not simply random text. It has roots in a piece of classical Latin literature from 45 BC, making it over 2000 years old. Richard McClintock, a Latin professor at Hampden-Sydney College in Virginia, looked up one of the more obscure Latin words, consectetur, from a Lorem Ipsum passage, and going through the cites of the word in classical literature, discovered the undoubtable source. Lorem Ipsum comes from sections 1.10.32 and 1.10.33 of "de Finibus Bonorum et Malorum" (The Extremes of Good and Evil) by Cicero, written in 45 BC. This book is a treatise on the theory of ethics, very popular during the Renaissance. The first line of Lorem Ipsum, "Lorem ipsum dolor sit amet..", comes from a line in section 1.10.32.\n\n                                The standard chunk of Lorem Ipsum used since the 1500s is reproduced below for those interested. Sections 1.10.32 and 1.10.33 from "de Finibus Bonorum et Malorum" by Cicero are also reproduced in their exact original form, accompanied by English versions from the 1914 translation by H. Rackham.What is Lorem Ipsum?\n                                Lorem Ipsum is simply dummy text of the printing and typesetting industry. Lorem Ipsum has been the industry''s standard dummy text ever since the 1500s, when an unknown printer took a galley of type and scrambled it to make a type specimen book. It has survived not only five centuries, but also the leap into electronic typesetting, remaining essentially unchanged. It was popularised in the 1960s with the release of Letraset sheets containing Lorem Ipsum passages, and more recently with desktop publishing software like Aldus PageMaker including versions of Lorem Ipsum.\n\n                                Why do we use it?\n                                It is a long established fact that a reader will be distracted by the readable content of a page when looking at its layout. The point of using Lorem Ipsum is that it has a more-or-less normal distribution of letters, as opposed to using ''Content here, content here'', making it look like readable English. Many desktop publishing packages and web page editors now use Lorem Ipsum as their default model text, and a search for ''lorem ipsum'' will uncover many web sites still in their infancy. Various versions have evolved over the years, sometimes by accident, sometimes on purpose (injected humour and the like).\n\n\n                                Where does it come from?\n                                Contrary to popular belief, Lorem Ipsum is not simply random text. It has roots in a piece of classical Latin literature from 45 BC, making it over 2000 years old. Richard McClintock, a Latin professor at Hampden-Sydney College in Virginia, looked up one of the more obscure Latin words, consectetur, from a Lorem Ipsum passage, and going through the cites of the word in classical literature, discovered the undoubtable source. Lorem Ipsum comes from sections 1.10.32 and 1.10.33 of "de Finibus Bonorum et Malorum" (The Extremes of Good and Evil) by Cicero, written in 45 BC. This book is a treatise on the theory of ethics, very popular during the Renaissance. The first line of Lorem Ipsum, "Lorem ipsum dolor sit amet..", comes from a line in section 1.10.32.\n\n                                The standard chunk of Lorem Ipsum used since the 1500s is reproduced below for those interested. Sections 1.10.32 and 1.10.33 from "de Finibus Bonorum et Malorum" by Cicero are also reproduced in their exact original form, accompanied by English versions from the 1914 translation by H. Rackham.\n                            ', '4th January, 2016', NULL, '/images/innovationheader.png', NULL, NULL, NULL, NULL, '2017-02-01 10:40:41', '2017-02-01 10:40:41'),
(8, NULL, 'Drink With Us', '149, Herbert Macauly Road, Surulere, Lagos, Nigeria.', '  What is Lorem Ipsum?\n                                Lorem Ipsum is simply dummy text of the printing and typesetting industry. Lorem Ipsum has been the industry''s standard dummy text ever since the 1500s, when an unknown printer took a galley of type and scrambled it to make a type specimen book. It has survived not only five centuries, but also the leap into electronic typesetting, remaining essentially unchanged. It was popularised in the 1960s with the release of Letraset sheets containing Lorem Ipsum passages, and more recently with desktop publishing software like Aldus PageMaker including versions of Lorem Ipsum.\n\n                                Why do we use it?\n                                It is a long established fact that a reader will be distracted by the readable content of a page when looking at its layout. The point of using Lorem Ipsum is that it has a more-or-less normal distribution of letters, as opposed to using ''Content here, content here'', making it look like readable English. Many desktop publishing packages and web page editors now use Lorem Ipsum as their default model text, and a search for ''lorem ipsum'' will uncover many web sites still in their infancy. Various versions have evolved over the years, sometimes by accident, sometimes on purpose (injected humour and the like).\n\n\n                                Where does it come from?\n                                Contrary to popular belief, Lorem Ipsum is not simply random text. It has roots in a piece of classical Latin literature from 45 BC, making it over 2000 years old. Richard McClintock, a Latin professor at Hampden-Sydney College in Virginia, looked up one of the more obscure Latin words, consectetur, from a Lorem Ipsum passage, and going through the cites of the word in classical literature, discovered the undoubtable source. Lorem Ipsum comes from sections 1.10.32 and 1.10.33 of "de Finibus Bonorum et Malorum" (The Extremes of Good and Evil) by Cicero, written in 45 BC. This book is a treatise on the theory of ethics, very popular during the Renaissance. The first line of Lorem Ipsum, "Lorem ipsum dolor sit amet..", comes from a line in section 1.10.32.\n\n                                The standard chunk of Lorem Ipsum used since the 1500s is reproduced below for those interested. Sections 1.10.32 and 1.10.33 from "de Finibus Bonorum et Malorum" by Cicero are also reproduced in their exact original form, accompanied by English versions from the 1914 translation by H. Rackham.What is Lorem Ipsum?\n                                Lorem Ipsum is simply dummy text of the printing and typesetting industry. Lorem Ipsum has been the industry''s standard dummy text ever since the 1500s, when an unknown printer took a galley of type and scrambled it to make a type specimen book. It has survived not only five centuries, but also the leap into electronic typesetting, remaining essentially unchanged. It was popularised in the 1960s with the release of Letraset sheets containing Lorem Ipsum passages, and more recently with desktop publishing software like Aldus PageMaker including versions of Lorem Ipsum.\n\n                                Why do we use it?\n                                It is a long established fact that a reader will be distracted by the readable content of a page when looking at its layout. The point of using Lorem Ipsum is that it has a more-or-less normal distribution of letters, as opposed to using ''Content here, content here'', making it look like readable English. Many desktop publishing packages and web page editors now use Lorem Ipsum as their default model text, and a search for ''lorem ipsum'' will uncover many web sites still in their infancy. Various versions have evolved over the years, sometimes by accident, sometimes on purpose (injected humour and the like).\n\n\n                                Where does it come from?\n                                Contrary to popular belief, Lorem Ipsum is not simply random text. It has roots in a piece of classical Latin literature from 45 BC, making it over 2000 years old. Richard McClintock, a Latin professor at Hampden-Sydney College in Virginia, looked up one of the more obscure Latin words, consectetur, from a Lorem Ipsum passage, and going through the cites of the word in classical literature, discovered the undoubtable source. Lorem Ipsum comes from sections 1.10.32 and 1.10.33 of "de Finibus Bonorum et Malorum" (The Extremes of Good and Evil) by Cicero, written in 45 BC. This book is a treatise on the theory of ethics, very popular during the Renaissance. The first line of Lorem Ipsum, "Lorem ipsum dolor sit amet..", comes from a line in section 1.10.32.\n\n                                The standard chunk of Lorem Ipsum used since the 1500s is reproduced below for those interested. Sections 1.10.32 and 1.10.33 from "de Finibus Bonorum et Malorum" by Cicero are also reproduced in their exact original form, accompanied by English versions from the 1914 translation by H. Rackham.\n                            ', '4th January, 2016', NULL, '/images/innovationheader.png', NULL, NULL, NULL, NULL, '2017-02-01 10:40:41', '2017-02-01 10:40:41'),
(9, NULL, 'Drink With Us', '149, Herbert Macauly Road, Surulere, Lagos, Nigeria.', '  What is Lorem Ipsum?\n                                Lorem Ipsum is simply dummy text of the printing and typesetting industry. Lorem Ipsum has been the industry''s standard dummy text ever since the 1500s, when an unknown printer took a galley of type and scrambled it to make a type specimen book. It has survived not only five centuries, but also the leap into electronic typesetting, remaining essentially unchanged. It was popularised in the 1960s with the release of Letraset sheets containing Lorem Ipsum passages, and more recently with desktop publishing software like Aldus PageMaker including versions of Lorem Ipsum.\n\n                                Why do we use it?\n                                It is a long established fact that a reader will be distracted by the readable content of a page when looking at its layout. The point of using Lorem Ipsum is that it has a more-or-less normal distribution of letters, as opposed to using ''Content here, content here'', making it look like readable English. Many desktop publishing packages and web page editors now use Lorem Ipsum as their default model text, and a search for ''lorem ipsum'' will uncover many web sites still in their infancy. Various versions have evolved over the years, sometimes by accident, sometimes on purpose (injected humour and the like).\n\n\n                                Where does it come from?\n                                Contrary to popular belief, Lorem Ipsum is not simply random text. It has roots in a piece of classical Latin literature from 45 BC, making it over 2000 years old. Richard McClintock, a Latin professor at Hampden-Sydney College in Virginia, looked up one of the more obscure Latin words, consectetur, from a Lorem Ipsum passage, and going through the cites of the word in classical literature, discovered the undoubtable source. Lorem Ipsum comes from sections 1.10.32 and 1.10.33 of "de Finibus Bonorum et Malorum" (The Extremes of Good and Evil) by Cicero, written in 45 BC. This book is a treatise on the theory of ethics, very popular during the Renaissance. The first line of Lorem Ipsum, "Lorem ipsum dolor sit amet..", comes from a line in section 1.10.32.\n\n                                The standard chunk of Lorem Ipsum used since the 1500s is reproduced below for those interested. Sections 1.10.32 and 1.10.33 from "de Finibus Bonorum et Malorum" by Cicero are also reproduced in their exact original form, accompanied by English versions from the 1914 translation by H. Rackham.What is Lorem Ipsum?\n                                Lorem Ipsum is simply dummy text of the printing and typesetting industry. Lorem Ipsum has been the industry''s standard dummy text ever since the 1500s, when an unknown printer took a galley of type and scrambled it to make a type specimen book. It has survived not only five centuries, but also the leap into electronic typesetting, remaining essentially unchanged. It was popularised in the 1960s with the release of Letraset sheets containing Lorem Ipsum passages, and more recently with desktop publishing software like Aldus PageMaker including versions of Lorem Ipsum.\n\n                                Why do we use it?\n                                It is a long established fact that a reader will be distracted by the readable content of a page when looking at its layout. The point of using Lorem Ipsum is that it has a more-or-less normal distribution of letters, as opposed to using ''Content here, content here'', making it look like readable English. Many desktop publishing packages and web page editors now use Lorem Ipsum as their default model text, and a search for ''lorem ipsum'' will uncover many web sites still in their infancy. Various versions have evolved over the years, sometimes by accident, sometimes on purpose (injected humour and the like).\n\n\n                                Where does it come from?\n                                Contrary to popular belief, Lorem Ipsum is not simply random text. It has roots in a piece of classical Latin literature from 45 BC, making it over 2000 years old. Richard McClintock, a Latin professor at Hampden-Sydney College in Virginia, looked up one of the more obscure Latin words, consectetur, from a Lorem Ipsum passage, and going through the cites of the word in classical literature, discovered the undoubtable source. Lorem Ipsum comes from sections 1.10.32 and 1.10.33 of "de Finibus Bonorum et Malorum" (The Extremes of Good and Evil) by Cicero, written in 45 BC. This book is a treatise on the theory of ethics, very popular during the Renaissance. The first line of Lorem Ipsum, "Lorem ipsum dolor sit amet..", comes from a line in section 1.10.32.\n\n                                The standard chunk of Lorem Ipsum used since the 1500s is reproduced below for those interested. Sections 1.10.32 and 1.10.33 from "de Finibus Bonorum et Malorum" by Cicero are also reproduced in their exact original form, accompanied by English versions from the 1914 translation by H. Rackham.\n                            ', '4th January, 2016', NULL, '/images/innovationheader.png', NULL, NULL, NULL, NULL, '2017-02-01 10:40:41', '2017-02-01 10:40:41'),
(10, NULL, 'Drink With Us', '149, Herbert Macauly Road, Surulere, Lagos, Nigeria.', '  What is Lorem Ipsum?\n                                Lorem Ipsum is simply dummy text of the printing and typesetting industry. Lorem Ipsum has been the industry''s standard dummy text ever since the 1500s, when an unknown printer took a galley of type and scrambled it to make a type specimen book. It has survived not only five centuries, but also the leap into electronic typesetting, remaining essentially unchanged. It was popularised in the 1960s with the release of Letraset sheets containing Lorem Ipsum passages, and more recently with desktop publishing software like Aldus PageMaker including versions of Lorem Ipsum.\n\n                                Why do we use it?\n                                It is a long established fact that a reader will be distracted by the readable content of a page when looking at its layout. The point of using Lorem Ipsum is that it has a more-or-less normal distribution of letters, as opposed to using ''Content here, content here'', making it look like readable English. Many desktop publishing packages and web page editors now use Lorem Ipsum as their default model text, and a search for ''lorem ipsum'' will uncover many web sites still in their infancy. Various versions have evolved over the years, sometimes by accident, sometimes on purpose (injected humour and the like).\n\n\n                                Where does it come from?\n                                Contrary to popular belief, Lorem Ipsum is not simply random text. It has roots in a piece of classical Latin literature from 45 BC, making it over 2000 years old. Richard McClintock, a Latin professor at Hampden-Sydney College in Virginia, looked up one of the more obscure Latin words, consectetur, from a Lorem Ipsum passage, and going through the cites of the word in classical literature, discovered the undoubtable source. Lorem Ipsum comes from sections 1.10.32 and 1.10.33 of "de Finibus Bonorum et Malorum" (The Extremes of Good and Evil) by Cicero, written in 45 BC. This book is a treatise on the theory of ethics, very popular during the Renaissance. The first line of Lorem Ipsum, "Lorem ipsum dolor sit amet..", comes from a line in section 1.10.32.\n\n                                The standard chunk of Lorem Ipsum used since the 1500s is reproduced below for those interested. Sections 1.10.32 and 1.10.33 from "de Finibus Bonorum et Malorum" by Cicero are also reproduced in their exact original form, accompanied by English versions from the 1914 translation by H. Rackham.What is Lorem Ipsum?\n                                Lorem Ipsum is simply dummy text of the printing and typesetting industry. Lorem Ipsum has been the industry''s standard dummy text ever since the 1500s, when an unknown printer took a galley of type and scrambled it to make a type specimen book. It has survived not only five centuries, but also the leap into electronic typesetting, remaining essentially unchanged. It was popularised in the 1960s with the release of Letraset sheets containing Lorem Ipsum passages, and more recently with desktop publishing software like Aldus PageMaker including versions of Lorem Ipsum.\n\n                                Why do we use it?\n                                It is a long established fact that a reader will be distracted by the readable content of a page when looking at its layout. The point of using Lorem Ipsum is that it has a more-or-less normal distribution of letters, as opposed to using ''Content here, content here'', making it look like readable English. Many desktop publishing packages and web page editors now use Lorem Ipsum as their default model text, and a search for ''lorem ipsum'' will uncover many web sites still in their infancy. Various versions have evolved over the years, sometimes by accident, sometimes on purpose (injected humour and the like).\n\n\n                                Where does it come from?\n                                Contrary to popular belief, Lorem Ipsum is not simply random text. It has roots in a piece of classical Latin literature from 45 BC, making it over 2000 years old. Richard McClintock, a Latin professor at Hampden-Sydney College in Virginia, looked up one of the more obscure Latin words, consectetur, from a Lorem Ipsum passage, and going through the cites of the word in classical literature, discovered the undoubtable source. Lorem Ipsum comes from sections 1.10.32 and 1.10.33 of "de Finibus Bonorum et Malorum" (The Extremes of Good and Evil) by Cicero, written in 45 BC. This book is a treatise on the theory of ethics, very popular during the Renaissance. The first line of Lorem Ipsum, "Lorem ipsum dolor sit amet..", comes from a line in section 1.10.32.\n\n                                The standard chunk of Lorem Ipsum used since the 1500s is reproduced below for those interested. Sections 1.10.32 and 1.10.33 from "de Finibus Bonorum et Malorum" by Cicero are also reproduced in their exact original form, accompanied by English versions from the 1914 translation by H. Rackham.\n                            ', '4th January, 2016', NULL, '/images/innovationheader.png', NULL, NULL, NULL, NULL, '2017-02-01 10:40:41', '2017-02-01 10:40:41');
INSERT INTO `events` (`id`, `industry_id`, `name`, `address`, `brief_profile`, `event_date`, `registration_link`, `logo_url`, `contact_name`, `contact_email`, `contact_phone_no`, `trending`, `created_at`, `updated_at`) VALUES
(11, NULL, 'Drink With Us', '149, Herbert Macauly Road, Surulere, Lagos, Nigeria.', '  What is Lorem Ipsum?\n                                Lorem Ipsum is simply dummy text of the printing and typesetting industry. Lorem Ipsum has been the industry''s standard dummy text ever since the 1500s, when an unknown printer took a galley of type and scrambled it to make a type specimen book. It has survived not only five centuries, but also the leap into electronic typesetting, remaining essentially unchanged. It was popularised in the 1960s with the release of Letraset sheets containing Lorem Ipsum passages, and more recently with desktop publishing software like Aldus PageMaker including versions of Lorem Ipsum.\n\n                                Why do we use it?\n                                It is a long established fact that a reader will be distracted by the readable content of a page when looking at its layout. The point of using Lorem Ipsum is that it has a more-or-less normal distribution of letters, as opposed to using ''Content here, content here'', making it look like readable English. Many desktop publishing packages and web page editors now use Lorem Ipsum as their default model text, and a search for ''lorem ipsum'' will uncover many web sites still in their infancy. Various versions have evolved over the years, sometimes by accident, sometimes on purpose (injected humour and the like).\n\n\n                                Where does it come from?\n                                Contrary to popular belief, Lorem Ipsum is not simply random text. It has roots in a piece of classical Latin literature from 45 BC, making it over 2000 years old. Richard McClintock, a Latin professor at Hampden-Sydney College in Virginia, looked up one of the more obscure Latin words, consectetur, from a Lorem Ipsum passage, and going through the cites of the word in classical literature, discovered the undoubtable source. Lorem Ipsum comes from sections 1.10.32 and 1.10.33 of "de Finibus Bonorum et Malorum" (The Extremes of Good and Evil) by Cicero, written in 45 BC. This book is a treatise on the theory of ethics, very popular during the Renaissance. The first line of Lorem Ipsum, "Lorem ipsum dolor sit amet..", comes from a line in section 1.10.32.\n\n                                The standard chunk of Lorem Ipsum used since the 1500s is reproduced below for those interested. Sections 1.10.32 and 1.10.33 from "de Finibus Bonorum et Malorum" by Cicero are also reproduced in their exact original form, accompanied by English versions from the 1914 translation by H. Rackham.What is Lorem Ipsum?\n                                Lorem Ipsum is simply dummy text of the printing and typesetting industry. Lorem Ipsum has been the industry''s standard dummy text ever since the 1500s, when an unknown printer took a galley of type and scrambled it to make a type specimen book. It has survived not only five centuries, but also the leap into electronic typesetting, remaining essentially unchanged. It was popularised in the 1960s with the release of Letraset sheets containing Lorem Ipsum passages, and more recently with desktop publishing software like Aldus PageMaker including versions of Lorem Ipsum.\n\n                                Why do we use it?\n                                It is a long established fact that a reader will be distracted by the readable content of a page when looking at its layout. The point of using Lorem Ipsum is that it has a more-or-less normal distribution of letters, as opposed to using ''Content here, content here'', making it look like readable English. Many desktop publishing packages and web page editors now use Lorem Ipsum as their default model text, and a search for ''lorem ipsum'' will uncover many web sites still in their infancy. Various versions have evolved over the years, sometimes by accident, sometimes on purpose (injected humour and the like).\n\n\n                                Where does it come from?\n                                Contrary to popular belief, Lorem Ipsum is not simply random text. It has roots in a piece of classical Latin literature from 45 BC, making it over 2000 years old. Richard McClintock, a Latin professor at Hampden-Sydney College in Virginia, looked up one of the more obscure Latin words, consectetur, from a Lorem Ipsum passage, and going through the cites of the word in classical literature, discovered the undoubtable source. Lorem Ipsum comes from sections 1.10.32 and 1.10.33 of "de Finibus Bonorum et Malorum" (The Extremes of Good and Evil) by Cicero, written in 45 BC. This book is a treatise on the theory of ethics, very popular during the Renaissance. The first line of Lorem Ipsum, "Lorem ipsum dolor sit amet..", comes from a line in section 1.10.32.\n\n                                The standard chunk of Lorem Ipsum used since the 1500s is reproduced below for those interested. Sections 1.10.32 and 1.10.33 from "de Finibus Bonorum et Malorum" by Cicero are also reproduced in their exact original form, accompanied by English versions from the 1914 translation by H. Rackham.\n                            ', '4th January, 2016', NULL, '/images/innovationheader.png', NULL, NULL, NULL, NULL, '2017-02-01 10:40:41', '2017-02-01 10:40:41'),
(12, NULL, 'Drink With Us', '149, Herbert Macauly Road, Surulere, Lagos, Nigeria.', '  What is Lorem Ipsum?\n                                Lorem Ipsum is simply dummy text of the printing and typesetting industry. Lorem Ipsum has been the industry''s standard dummy text ever since the 1500s, when an unknown printer took a galley of type and scrambled it to make a type specimen book. It has survived not only five centuries, but also the leap into electronic typesetting, remaining essentially unchanged. It was popularised in the 1960s with the release of Letraset sheets containing Lorem Ipsum passages, and more recently with desktop publishing software like Aldus PageMaker including versions of Lorem Ipsum.\n\n                                Why do we use it?\n                                It is a long established fact that a reader will be distracted by the readable content of a page when looking at its layout. The point of using Lorem Ipsum is that it has a more-or-less normal distribution of letters, as opposed to using ''Content here, content here'', making it look like readable English. Many desktop publishing packages and web page editors now use Lorem Ipsum as their default model text, and a search for ''lorem ipsum'' will uncover many web sites still in their infancy. Various versions have evolved over the years, sometimes by accident, sometimes on purpose (injected humour and the like).\n\n\n                                Where does it come from?\n                                Contrary to popular belief, Lorem Ipsum is not simply random text. It has roots in a piece of classical Latin literature from 45 BC, making it over 2000 years old. Richard McClintock, a Latin professor at Hampden-Sydney College in Virginia, looked up one of the more obscure Latin words, consectetur, from a Lorem Ipsum passage, and going through the cites of the word in classical literature, discovered the undoubtable source. Lorem Ipsum comes from sections 1.10.32 and 1.10.33 of "de Finibus Bonorum et Malorum" (The Extremes of Good and Evil) by Cicero, written in 45 BC. This book is a treatise on the theory of ethics, very popular during the Renaissance. The first line of Lorem Ipsum, "Lorem ipsum dolor sit amet..", comes from a line in section 1.10.32.\n\n                                The standard chunk of Lorem Ipsum used since the 1500s is reproduced below for those interested. Sections 1.10.32 and 1.10.33 from "de Finibus Bonorum et Malorum" by Cicero are also reproduced in their exact original form, accompanied by English versions from the 1914 translation by H. Rackham.What is Lorem Ipsum?\n                                Lorem Ipsum is simply dummy text of the printing and typesetting industry. Lorem Ipsum has been the industry''s standard dummy text ever since the 1500s, when an unknown printer took a galley of type and scrambled it to make a type specimen book. It has survived not only five centuries, but also the leap into electronic typesetting, remaining essentially unchanged. It was popularised in the 1960s with the release of Letraset sheets containing Lorem Ipsum passages, and more recently with desktop publishing software like Aldus PageMaker including versions of Lorem Ipsum.\n\n                                Why do we use it?\n                                It is a long established fact that a reader will be distracted by the readable content of a page when looking at its layout. The point of using Lorem Ipsum is that it has a more-or-less normal distribution of letters, as opposed to using ''Content here, content here'', making it look like readable English. Many desktop publishing packages and web page editors now use Lorem Ipsum as their default model text, and a search for ''lorem ipsum'' will uncover many web sites still in their infancy. Various versions have evolved over the years, sometimes by accident, sometimes on purpose (injected humour and the like).\n\n\n                                Where does it come from?\n                                Contrary to popular belief, Lorem Ipsum is not simply random text. It has roots in a piece of classical Latin literature from 45 BC, making it over 2000 years old. Richard McClintock, a Latin professor at Hampden-Sydney College in Virginia, looked up one of the more obscure Latin words, consectetur, from a Lorem Ipsum passage, and going through the cites of the word in classical literature, discovered the undoubtable source. Lorem Ipsum comes from sections 1.10.32 and 1.10.33 of "de Finibus Bonorum et Malorum" (The Extremes of Good and Evil) by Cicero, written in 45 BC. This book is a treatise on the theory of ethics, very popular during the Renaissance. The first line of Lorem Ipsum, "Lorem ipsum dolor sit amet..", comes from a line in section 1.10.32.\n\n                                The standard chunk of Lorem Ipsum used since the 1500s is reproduced below for those interested. Sections 1.10.32 and 1.10.33 from "de Finibus Bonorum et Malorum" by Cicero are also reproduced in their exact original form, accompanied by English versions from the 1914 translation by H. Rackham.\n                            ', '4th January, 2016', NULL, '/images/innovationheader.png', NULL, NULL, NULL, NULL, '2017-02-01 10:40:41', '2017-02-01 10:40:41'),
(13, NULL, 'Drink With Us', '149, Herbert Macauly Road, Surulere, Lagos, Nigeria.', '  What is Lorem Ipsum?\n                                Lorem Ipsum is simply dummy text of the printing and typesetting industry. Lorem Ipsum has been the industry''s standard dummy text ever since the 1500s, when an unknown printer took a galley of type and scrambled it to make a type specimen book. It has survived not only five centuries, but also the leap into electronic typesetting, remaining essentially unchanged. It was popularised in the 1960s with the release of Letraset sheets containing Lorem Ipsum passages, and more recently with desktop publishing software like Aldus PageMaker including versions of Lorem Ipsum.\n\n                                Why do we use it?\n                                It is a long established fact that a reader will be distracted by the readable content of a page when looking at its layout. The point of using Lorem Ipsum is that it has a more-or-less normal distribution of letters, as opposed to using ''Content here, content here'', making it look like readable English. Many desktop publishing packages and web page editors now use Lorem Ipsum as their default model text, and a search for ''lorem ipsum'' will uncover many web sites still in their infancy. Various versions have evolved over the years, sometimes by accident, sometimes on purpose (injected humour and the like).\n\n\n                                Where does it come from?\n                                Contrary to popular belief, Lorem Ipsum is not simply random text. It has roots in a piece of classical Latin literature from 45 BC, making it over 2000 years old. Richard McClintock, a Latin professor at Hampden-Sydney College in Virginia, looked up one of the more obscure Latin words, consectetur, from a Lorem Ipsum passage, and going through the cites of the word in classical literature, discovered the undoubtable source. Lorem Ipsum comes from sections 1.10.32 and 1.10.33 of "de Finibus Bonorum et Malorum" (The Extremes of Good and Evil) by Cicero, written in 45 BC. This book is a treatise on the theory of ethics, very popular during the Renaissance. The first line of Lorem Ipsum, "Lorem ipsum dolor sit amet..", comes from a line in section 1.10.32.\n\n                                The standard chunk of Lorem Ipsum used since the 1500s is reproduced below for those interested. Sections 1.10.32 and 1.10.33 from "de Finibus Bonorum et Malorum" by Cicero are also reproduced in their exact original form, accompanied by English versions from the 1914 translation by H. Rackham.What is Lorem Ipsum?\n                                Lorem Ipsum is simply dummy text of the printing and typesetting industry. Lorem Ipsum has been the industry''s standard dummy text ever since the 1500s, when an unknown printer took a galley of type and scrambled it to make a type specimen book. It has survived not only five centuries, but also the leap into electronic typesetting, remaining essentially unchanged. It was popularised in the 1960s with the release of Letraset sheets containing Lorem Ipsum passages, and more recently with desktop publishing software like Aldus PageMaker including versions of Lorem Ipsum.\n\n                                Why do we use it?\n                                It is a long established fact that a reader will be distracted by the readable content of a page when looking at its layout. The point of using Lorem Ipsum is that it has a more-or-less normal distribution of letters, as opposed to using ''Content here, content here'', making it look like readable English. Many desktop publishing packages and web page editors now use Lorem Ipsum as their default model text, and a search for ''lorem ipsum'' will uncover many web sites still in their infancy. Various versions have evolved over the years, sometimes by accident, sometimes on purpose (injected humour and the like).\n\n\n                                Where does it come from?\n                                Contrary to popular belief, Lorem Ipsum is not simply random text. It has roots in a piece of classical Latin literature from 45 BC, making it over 2000 years old. Richard McClintock, a Latin professor at Hampden-Sydney College in Virginia, looked up one of the more obscure Latin words, consectetur, from a Lorem Ipsum passage, and going through the cites of the word in classical literature, discovered the undoubtable source. Lorem Ipsum comes from sections 1.10.32 and 1.10.33 of "de Finibus Bonorum et Malorum" (The Extremes of Good and Evil) by Cicero, written in 45 BC. This book is a treatise on the theory of ethics, very popular during the Renaissance. The first line of Lorem Ipsum, "Lorem ipsum dolor sit amet..", comes from a line in section 1.10.32.\n\n                                The standard chunk of Lorem Ipsum used since the 1500s is reproduced below for those interested. Sections 1.10.32 and 1.10.33 from "de Finibus Bonorum et Malorum" by Cicero are also reproduced in their exact original form, accompanied by English versions from the 1914 translation by H. Rackham.\n                            ', '4th January, 2016', NULL, '/images/innovationheader.png', NULL, NULL, NULL, NULL, '2017-02-01 10:40:41', '2017-02-01 10:40:41'),
(14, NULL, 'Drink With Us', '149, Herbert Macauly Road, Surulere, Lagos, Nigeria.', '  What is Lorem Ipsum?\n                                Lorem Ipsum is simply dummy text of the printing and typesetting industry. Lorem Ipsum has been the industry''s standard dummy text ever since the 1500s, when an unknown printer took a galley of type and scrambled it to make a type specimen book. It has survived not only five centuries, but also the leap into electronic typesetting, remaining essentially unchanged. It was popularised in the 1960s with the release of Letraset sheets containing Lorem Ipsum passages, and more recently with desktop publishing software like Aldus PageMaker including versions of Lorem Ipsum.\n\n                                Why do we use it?\n                                It is a long established fact that a reader will be distracted by the readable content of a page when looking at its layout. The point of using Lorem Ipsum is that it has a more-or-less normal distribution of letters, as opposed to using ''Content here, content here'', making it look like readable English. Many desktop publishing packages and web page editors now use Lorem Ipsum as their default model text, and a search for ''lorem ipsum'' will uncover many web sites still in their infancy. Various versions have evolved over the years, sometimes by accident, sometimes on purpose (injected humour and the like).\n\n\n                                Where does it come from?\n                                Contrary to popular belief, Lorem Ipsum is not simply random text. It has roots in a piece of classical Latin literature from 45 BC, making it over 2000 years old. Richard McClintock, a Latin professor at Hampden-Sydney College in Virginia, looked up one of the more obscure Latin words, consectetur, from a Lorem Ipsum passage, and going through the cites of the word in classical literature, discovered the undoubtable source. Lorem Ipsum comes from sections 1.10.32 and 1.10.33 of "de Finibus Bonorum et Malorum" (The Extremes of Good and Evil) by Cicero, written in 45 BC. This book is a treatise on the theory of ethics, very popular during the Renaissance. The first line of Lorem Ipsum, "Lorem ipsum dolor sit amet..", comes from a line in section 1.10.32.\n\n                                The standard chunk of Lorem Ipsum used since the 1500s is reproduced below for those interested. Sections 1.10.32 and 1.10.33 from "de Finibus Bonorum et Malorum" by Cicero are also reproduced in their exact original form, accompanied by English versions from the 1914 translation by H. Rackham.What is Lorem Ipsum?\n                                Lorem Ipsum is simply dummy text of the printing and typesetting industry. Lorem Ipsum has been the industry''s standard dummy text ever since the 1500s, when an unknown printer took a galley of type and scrambled it to make a type specimen book. It has survived not only five centuries, but also the leap into electronic typesetting, remaining essentially unchanged. It was popularised in the 1960s with the release of Letraset sheets containing Lorem Ipsum passages, and more recently with desktop publishing software like Aldus PageMaker including versions of Lorem Ipsum.\n\n                                Why do we use it?\n                                It is a long established fact that a reader will be distracted by the readable content of a page when looking at its layout. The point of using Lorem Ipsum is that it has a more-or-less normal distribution of letters, as opposed to using ''Content here, content here'', making it look like readable English. Many desktop publishing packages and web page editors now use Lorem Ipsum as their default model text, and a search for ''lorem ipsum'' will uncover many web sites still in their infancy. Various versions have evolved over the years, sometimes by accident, sometimes on purpose (injected humour and the like).\n\n\n                                Where does it come from?\n                                Contrary to popular belief, Lorem Ipsum is not simply random text. It has roots in a piece of classical Latin literature from 45 BC, making it over 2000 years old. Richard McClintock, a Latin professor at Hampden-Sydney College in Virginia, looked up one of the more obscure Latin words, consectetur, from a Lorem Ipsum passage, and going through the cites of the word in classical literature, discovered the undoubtable source. Lorem Ipsum comes from sections 1.10.32 and 1.10.33 of "de Finibus Bonorum et Malorum" (The Extremes of Good and Evil) by Cicero, written in 45 BC. This book is a treatise on the theory of ethics, very popular during the Renaissance. The first line of Lorem Ipsum, "Lorem ipsum dolor sit amet..", comes from a line in section 1.10.32.\n\n                                The standard chunk of Lorem Ipsum used since the 1500s is reproduced below for those interested. Sections 1.10.32 and 1.10.33 from "de Finibus Bonorum et Malorum" by Cicero are also reproduced in their exact original form, accompanied by English versions from the 1914 translation by H. Rackham.\n                            ', '4th January, 2016', NULL, '/images/innovationheader.png', NULL, NULL, NULL, NULL, '2017-02-01 10:40:42', '2017-02-01 10:40:42'),
(15, NULL, 'Drink With Us', '149, Herbert Macauly Road, Surulere, Lagos, Nigeria.', '  What is Lorem Ipsum?\n                                Lorem Ipsum is simply dummy text of the printing and typesetting industry. Lorem Ipsum has been the industry''s standard dummy text ever since the 1500s, when an unknown printer took a galley of type and scrambled it to make a type specimen book. It has survived not only five centuries, but also the leap into electronic typesetting, remaining essentially unchanged. It was popularised in the 1960s with the release of Letraset sheets containing Lorem Ipsum passages, and more recently with desktop publishing software like Aldus PageMaker including versions of Lorem Ipsum.\n\n                                Why do we use it?\n                                It is a long established fact that a reader will be distracted by the readable content of a page when looking at its layout. The point of using Lorem Ipsum is that it has a more-or-less normal distribution of letters, as opposed to using ''Content here, content here'', making it look like readable English. Many desktop publishing packages and web page editors now use Lorem Ipsum as their default model text, and a search for ''lorem ipsum'' will uncover many web sites still in their infancy. Various versions have evolved over the years, sometimes by accident, sometimes on purpose (injected humour and the like).\n\n\n                                Where does it come from?\n                                Contrary to popular belief, Lorem Ipsum is not simply random text. It has roots in a piece of classical Latin literature from 45 BC, making it over 2000 years old. Richard McClintock, a Latin professor at Hampden-Sydney College in Virginia, looked up one of the more obscure Latin words, consectetur, from a Lorem Ipsum passage, and going through the cites of the word in classical literature, discovered the undoubtable source. Lorem Ipsum comes from sections 1.10.32 and 1.10.33 of "de Finibus Bonorum et Malorum" (The Extremes of Good and Evil) by Cicero, written in 45 BC. This book is a treatise on the theory of ethics, very popular during the Renaissance. The first line of Lorem Ipsum, "Lorem ipsum dolor sit amet..", comes from a line in section 1.10.32.\n\n                                The standard chunk of Lorem Ipsum used since the 1500s is reproduced below for those interested. Sections 1.10.32 and 1.10.33 from "de Finibus Bonorum et Malorum" by Cicero are also reproduced in their exact original form, accompanied by English versions from the 1914 translation by H. Rackham.What is Lorem Ipsum?\n                                Lorem Ipsum is simply dummy text of the printing and typesetting industry. Lorem Ipsum has been the industry''s standard dummy text ever since the 1500s, when an unknown printer took a galley of type and scrambled it to make a type specimen book. It has survived not only five centuries, but also the leap into electronic typesetting, remaining essentially unchanged. It was popularised in the 1960s with the release of Letraset sheets containing Lorem Ipsum passages, and more recently with desktop publishing software like Aldus PageMaker including versions of Lorem Ipsum.\n\n                                Why do we use it?\n                                It is a long established fact that a reader will be distracted by the readable content of a page when looking at its layout. The point of using Lorem Ipsum is that it has a more-or-less normal distribution of letters, as opposed to using ''Content here, content here'', making it look like readable English. Many desktop publishing packages and web page editors now use Lorem Ipsum as their default model text, and a search for ''lorem ipsum'' will uncover many web sites still in their infancy. Various versions have evolved over the years, sometimes by accident, sometimes on purpose (injected humour and the like).\n\n\n                                Where does it come from?\n                                Contrary to popular belief, Lorem Ipsum is not simply random text. It has roots in a piece of classical Latin literature from 45 BC, making it over 2000 years old. Richard McClintock, a Latin professor at Hampden-Sydney College in Virginia, looked up one of the more obscure Latin words, consectetur, from a Lorem Ipsum passage, and going through the cites of the word in classical literature, discovered the undoubtable source. Lorem Ipsum comes from sections 1.10.32 and 1.10.33 of "de Finibus Bonorum et Malorum" (The Extremes of Good and Evil) by Cicero, written in 45 BC. This book is a treatise on the theory of ethics, very popular during the Renaissance. The first line of Lorem Ipsum, "Lorem ipsum dolor sit amet..", comes from a line in section 1.10.32.\n\n                                The standard chunk of Lorem Ipsum used since the 1500s is reproduced below for those interested. Sections 1.10.32 and 1.10.33 from "de Finibus Bonorum et Malorum" by Cicero are also reproduced in their exact original form, accompanied by English versions from the 1914 translation by H. Rackham.\n                            ', '4th January, 2016', NULL, '/images/innovationheader.png', NULL, NULL, NULL, NULL, '2017-02-01 10:40:42', '2017-02-01 10:40:42'),
(16, NULL, 'Drink With Us', '149, Herbert Macauly Road, Surulere, Lagos, Nigeria.', '  What is Lorem Ipsum?\n                                Lorem Ipsum is simply dummy text of the printing and typesetting industry. Lorem Ipsum has been the industry''s standard dummy text ever since the 1500s, when an unknown printer took a galley of type and scrambled it to make a type specimen book. It has survived not only five centuries, but also the leap into electronic typesetting, remaining essentially unchanged. It was popularised in the 1960s with the release of Letraset sheets containing Lorem Ipsum passages, and more recently with desktop publishing software like Aldus PageMaker including versions of Lorem Ipsum.\n\n                                Why do we use it?\n                                It is a long established fact that a reader will be distracted by the readable content of a page when looking at its layout. The point of using Lorem Ipsum is that it has a more-or-less normal distribution of letters, as opposed to using ''Content here, content here'', making it look like readable English. Many desktop publishing packages and web page editors now use Lorem Ipsum as their default model text, and a search for ''lorem ipsum'' will uncover many web sites still in their infancy. Various versions have evolved over the years, sometimes by accident, sometimes on purpose (injected humour and the like).\n\n\n                                Where does it come from?\n                                Contrary to popular belief, Lorem Ipsum is not simply random text. It has roots in a piece of classical Latin literature from 45 BC, making it over 2000 years old. Richard McClintock, a Latin professor at Hampden-Sydney College in Virginia, looked up one of the more obscure Latin words, consectetur, from a Lorem Ipsum passage, and going through the cites of the word in classical literature, discovered the undoubtable source. Lorem Ipsum comes from sections 1.10.32 and 1.10.33 of "de Finibus Bonorum et Malorum" (The Extremes of Good and Evil) by Cicero, written in 45 BC. This book is a treatise on the theory of ethics, very popular during the Renaissance. The first line of Lorem Ipsum, "Lorem ipsum dolor sit amet..", comes from a line in section 1.10.32.\n\n                                The standard chunk of Lorem Ipsum used since the 1500s is reproduced below for those interested. Sections 1.10.32 and 1.10.33 from "de Finibus Bonorum et Malorum" by Cicero are also reproduced in their exact original form, accompanied by English versions from the 1914 translation by H. Rackham.What is Lorem Ipsum?\n                                Lorem Ipsum is simply dummy text of the printing and typesetting industry. Lorem Ipsum has been the industry''s standard dummy text ever since the 1500s, when an unknown printer took a galley of type and scrambled it to make a type specimen book. It has survived not only five centuries, but also the leap into electronic typesetting, remaining essentially unchanged. It was popularised in the 1960s with the release of Letraset sheets containing Lorem Ipsum passages, and more recently with desktop publishing software like Aldus PageMaker including versions of Lorem Ipsum.\n\n                                Why do we use it?\n                                It is a long established fact that a reader will be distracted by the readable content of a page when looking at its layout. The point of using Lorem Ipsum is that it has a more-or-less normal distribution of letters, as opposed to using ''Content here, content here'', making it look like readable English. Many desktop publishing packages and web page editors now use Lorem Ipsum as their default model text, and a search for ''lorem ipsum'' will uncover many web sites still in their infancy. Various versions have evolved over the years, sometimes by accident, sometimes on purpose (injected humour and the like).\n\n\n                                Where does it come from?\n                                Contrary to popular belief, Lorem Ipsum is not simply random text. It has roots in a piece of classical Latin literature from 45 BC, making it over 2000 years old. Richard McClintock, a Latin professor at Hampden-Sydney College in Virginia, looked up one of the more obscure Latin words, consectetur, from a Lorem Ipsum passage, and going through the cites of the word in classical literature, discovered the undoubtable source. Lorem Ipsum comes from sections 1.10.32 and 1.10.33 of "de Finibus Bonorum et Malorum" (The Extremes of Good and Evil) by Cicero, written in 45 BC. This book is a treatise on the theory of ethics, very popular during the Renaissance. The first line of Lorem Ipsum, "Lorem ipsum dolor sit amet..", comes from a line in section 1.10.32.\n\n                                The standard chunk of Lorem Ipsum used since the 1500s is reproduced below for those interested. Sections 1.10.32 and 1.10.33 from "de Finibus Bonorum et Malorum" by Cicero are also reproduced in their exact original form, accompanied by English versions from the 1914 translation by H. Rackham.\n                            ', '4th January, 2016', NULL, '/images/innovationheader.png', NULL, NULL, NULL, NULL, '2017-02-01 10:40:42', '2017-02-01 10:40:42'),
(17, NULL, 'Drink With Us', '149, Herbert Macauly Road, Surulere, Lagos, Nigeria.', '  What is Lorem Ipsum?\n                                Lorem Ipsum is simply dummy text of the printing and typesetting industry. Lorem Ipsum has been the industry''s standard dummy text ever since the 1500s, when an unknown printer took a galley of type and scrambled it to make a type specimen book. It has survived not only five centuries, but also the leap into electronic typesetting, remaining essentially unchanged. It was popularised in the 1960s with the release of Letraset sheets containing Lorem Ipsum passages, and more recently with desktop publishing software like Aldus PageMaker including versions of Lorem Ipsum.\n\n                                Why do we use it?\n                                It is a long established fact that a reader will be distracted by the readable content of a page when looking at its layout. The point of using Lorem Ipsum is that it has a more-or-less normal distribution of letters, as opposed to using ''Content here, content here'', making it look like readable English. Many desktop publishing packages and web page editors now use Lorem Ipsum as their default model text, and a search for ''lorem ipsum'' will uncover many web sites still in their infancy. Various versions have evolved over the years, sometimes by accident, sometimes on purpose (injected humour and the like).\n\n\n                                Where does it come from?\n                                Contrary to popular belief, Lorem Ipsum is not simply random text. It has roots in a piece of classical Latin literature from 45 BC, making it over 2000 years old. Richard McClintock, a Latin professor at Hampden-Sydney College in Virginia, looked up one of the more obscure Latin words, consectetur, from a Lorem Ipsum passage, and going through the cites of the word in classical literature, discovered the undoubtable source. Lorem Ipsum comes from sections 1.10.32 and 1.10.33 of "de Finibus Bonorum et Malorum" (The Extremes of Good and Evil) by Cicero, written in 45 BC. This book is a treatise on the theory of ethics, very popular during the Renaissance. The first line of Lorem Ipsum, "Lorem ipsum dolor sit amet..", comes from a line in section 1.10.32.\n\n                                The standard chunk of Lorem Ipsum used since the 1500s is reproduced below for those interested. Sections 1.10.32 and 1.10.33 from "de Finibus Bonorum et Malorum" by Cicero are also reproduced in their exact original form, accompanied by English versions from the 1914 translation by H. Rackham.What is Lorem Ipsum?\n                                Lorem Ipsum is simply dummy text of the printing and typesetting industry. Lorem Ipsum has been the industry''s standard dummy text ever since the 1500s, when an unknown printer took a galley of type and scrambled it to make a type specimen book. It has survived not only five centuries, but also the leap into electronic typesetting, remaining essentially unchanged. It was popularised in the 1960s with the release of Letraset sheets containing Lorem Ipsum passages, and more recently with desktop publishing software like Aldus PageMaker including versions of Lorem Ipsum.\n\n                                Why do we use it?\n                                It is a long established fact that a reader will be distracted by the readable content of a page when looking at its layout. The point of using Lorem Ipsum is that it has a more-or-less normal distribution of letters, as opposed to using ''Content here, content here'', making it look like readable English. Many desktop publishing packages and web page editors now use Lorem Ipsum as their default model text, and a search for ''lorem ipsum'' will uncover many web sites still in their infancy. Various versions have evolved over the years, sometimes by accident, sometimes on purpose (injected humour and the like).\n\n\n                                Where does it come from?\n                                Contrary to popular belief, Lorem Ipsum is not simply random text. It has roots in a piece of classical Latin literature from 45 BC, making it over 2000 years old. Richard McClintock, a Latin professor at Hampden-Sydney College in Virginia, looked up one of the more obscure Latin words, consectetur, from a Lorem Ipsum passage, and going through the cites of the word in classical literature, discovered the undoubtable source. Lorem Ipsum comes from sections 1.10.32 and 1.10.33 of "de Finibus Bonorum et Malorum" (The Extremes of Good and Evil) by Cicero, written in 45 BC. This book is a treatise on the theory of ethics, very popular during the Renaissance. The first line of Lorem Ipsum, "Lorem ipsum dolor sit amet..", comes from a line in section 1.10.32.\n\n                                The standard chunk of Lorem Ipsum used since the 1500s is reproduced below for those interested. Sections 1.10.32 and 1.10.33 from "de Finibus Bonorum et Malorum" by Cicero are also reproduced in their exact original form, accompanied by English versions from the 1914 translation by H. Rackham.\n                            ', '4th January, 2016', NULL, '/images/innovationheader.png', NULL, NULL, NULL, NULL, '2017-02-01 10:40:42', '2017-02-01 10:40:42'),
(18, NULL, 'Drink With Us', '149, Herbert Macauly Road, Surulere, Lagos, Nigeria.', '  What is Lorem Ipsum?\n                                Lorem Ipsum is simply dummy text of the printing and typesetting industry. Lorem Ipsum has been the industry''s standard dummy text ever since the 1500s, when an unknown printer took a galley of type and scrambled it to make a type specimen book. It has survived not only five centuries, but also the leap into electronic typesetting, remaining essentially unchanged. It was popularised in the 1960s with the release of Letraset sheets containing Lorem Ipsum passages, and more recently with desktop publishing software like Aldus PageMaker including versions of Lorem Ipsum.\n\n                                Why do we use it?\n                                It is a long established fact that a reader will be distracted by the readable content of a page when looking at its layout. The point of using Lorem Ipsum is that it has a more-or-less normal distribution of letters, as opposed to using ''Content here, content here'', making it look like readable English. Many desktop publishing packages and web page editors now use Lorem Ipsum as their default model text, and a search for ''lorem ipsum'' will uncover many web sites still in their infancy. Various versions have evolved over the years, sometimes by accident, sometimes on purpose (injected humour and the like).\n\n\n                                Where does it come from?\n                                Contrary to popular belief, Lorem Ipsum is not simply random text. It has roots in a piece of classical Latin literature from 45 BC, making it over 2000 years old. Richard McClintock, a Latin professor at Hampden-Sydney College in Virginia, looked up one of the more obscure Latin words, consectetur, from a Lorem Ipsum passage, and going through the cites of the word in classical literature, discovered the undoubtable source. Lorem Ipsum comes from sections 1.10.32 and 1.10.33 of "de Finibus Bonorum et Malorum" (The Extremes of Good and Evil) by Cicero, written in 45 BC. This book is a treatise on the theory of ethics, very popular during the Renaissance. The first line of Lorem Ipsum, "Lorem ipsum dolor sit amet..", comes from a line in section 1.10.32.\n\n                                The standard chunk of Lorem Ipsum used since the 1500s is reproduced below for those interested. Sections 1.10.32 and 1.10.33 from "de Finibus Bonorum et Malorum" by Cicero are also reproduced in their exact original form, accompanied by English versions from the 1914 translation by H. Rackham.What is Lorem Ipsum?\n                                Lorem Ipsum is simply dummy text of the printing and typesetting industry. Lorem Ipsum has been the industry''s standard dummy text ever since the 1500s, when an unknown printer took a galley of type and scrambled it to make a type specimen book. It has survived not only five centuries, but also the leap into electronic typesetting, remaining essentially unchanged. It was popularised in the 1960s with the release of Letraset sheets containing Lorem Ipsum passages, and more recently with desktop publishing software like Aldus PageMaker including versions of Lorem Ipsum.\n\n                                Why do we use it?\n                                It is a long established fact that a reader will be distracted by the readable content of a page when looking at its layout. The point of using Lorem Ipsum is that it has a more-or-less normal distribution of letters, as opposed to using ''Content here, content here'', making it look like readable English. Many desktop publishing packages and web page editors now use Lorem Ipsum as their default model text, and a search for ''lorem ipsum'' will uncover many web sites still in their infancy. Various versions have evolved over the years, sometimes by accident, sometimes on purpose (injected humour and the like).\n\n\n                                Where does it come from?\n                                Contrary to popular belief, Lorem Ipsum is not simply random text. It has roots in a piece of classical Latin literature from 45 BC, making it over 2000 years old. Richard McClintock, a Latin professor at Hampden-Sydney College in Virginia, looked up one of the more obscure Latin words, consectetur, from a Lorem Ipsum passage, and going through the cites of the word in classical literature, discovered the undoubtable source. Lorem Ipsum comes from sections 1.10.32 and 1.10.33 of "de Finibus Bonorum et Malorum" (The Extremes of Good and Evil) by Cicero, written in 45 BC. This book is a treatise on the theory of ethics, very popular during the Renaissance. The first line of Lorem Ipsum, "Lorem ipsum dolor sit amet..", comes from a line in section 1.10.32.\n\n                                The standard chunk of Lorem Ipsum used since the 1500s is reproduced below for those interested. Sections 1.10.32 and 1.10.33 from "de Finibus Bonorum et Malorum" by Cicero are also reproduced in their exact original form, accompanied by English versions from the 1914 translation by H. Rackham.\n                            ', '4th January, 2016', NULL, '/images/innovationheader.png', NULL, NULL, NULL, NULL, '2017-02-01 10:40:42', '2017-02-01 10:40:42'),
(19, NULL, 'Drink With Us', '149, Herbert Macauly Road, Surulere, Lagos, Nigeria.', '  What is Lorem Ipsum?\n                                Lorem Ipsum is simply dummy text of the printing and typesetting industry. Lorem Ipsum has been the industry''s standard dummy text ever since the 1500s, when an unknown printer took a galley of type and scrambled it to make a type specimen book. It has survived not only five centuries, but also the leap into electronic typesetting, remaining essentially unchanged. It was popularised in the 1960s with the release of Letraset sheets containing Lorem Ipsum passages, and more recently with desktop publishing software like Aldus PageMaker including versions of Lorem Ipsum.\n\n                                Why do we use it?\n                                It is a long established fact that a reader will be distracted by the readable content of a page when looking at its layout. The point of using Lorem Ipsum is that it has a more-or-less normal distribution of letters, as opposed to using ''Content here, content here'', making it look like readable English. Many desktop publishing packages and web page editors now use Lorem Ipsum as their default model text, and a search for ''lorem ipsum'' will uncover many web sites still in their infancy. Various versions have evolved over the years, sometimes by accident, sometimes on purpose (injected humour and the like).\n\n\n                                Where does it come from?\n                                Contrary to popular belief, Lorem Ipsum is not simply random text. It has roots in a piece of classical Latin literature from 45 BC, making it over 2000 years old. Richard McClintock, a Latin professor at Hampden-Sydney College in Virginia, looked up one of the more obscure Latin words, consectetur, from a Lorem Ipsum passage, and going through the cites of the word in classical literature, discovered the undoubtable source. Lorem Ipsum comes from sections 1.10.32 and 1.10.33 of "de Finibus Bonorum et Malorum" (The Extremes of Good and Evil) by Cicero, written in 45 BC. This book is a treatise on the theory of ethics, very popular during the Renaissance. The first line of Lorem Ipsum, "Lorem ipsum dolor sit amet..", comes from a line in section 1.10.32.\n\n                                The standard chunk of Lorem Ipsum used since the 1500s is reproduced below for those interested. Sections 1.10.32 and 1.10.33 from "de Finibus Bonorum et Malorum" by Cicero are also reproduced in their exact original form, accompanied by English versions from the 1914 translation by H. Rackham.What is Lorem Ipsum?\n                                Lorem Ipsum is simply dummy text of the printing and typesetting industry. Lorem Ipsum has been the industry''s standard dummy text ever since the 1500s, when an unknown printer took a galley of type and scrambled it to make a type specimen book. It has survived not only five centuries, but also the leap into electronic typesetting, remaining essentially unchanged. It was popularised in the 1960s with the release of Letraset sheets containing Lorem Ipsum passages, and more recently with desktop publishing software like Aldus PageMaker including versions of Lorem Ipsum.\n\n                                Why do we use it?\n                                It is a long established fact that a reader will be distracted by the readable content of a page when looking at its layout. The point of using Lorem Ipsum is that it has a more-or-less normal distribution of letters, as opposed to using ''Content here, content here'', making it look like readable English. Many desktop publishing packages and web page editors now use Lorem Ipsum as their default model text, and a search for ''lorem ipsum'' will uncover many web sites still in their infancy. Various versions have evolved over the years, sometimes by accident, sometimes on purpose (injected humour and the like).\n\n\n                                Where does it come from?\n                                Contrary to popular belief, Lorem Ipsum is not simply random text. It has roots in a piece of classical Latin literature from 45 BC, making it over 2000 years old. Richard McClintock, a Latin professor at Hampden-Sydney College in Virginia, looked up one of the more obscure Latin words, consectetur, from a Lorem Ipsum passage, and going through the cites of the word in classical literature, discovered the undoubtable source. Lorem Ipsum comes from sections 1.10.32 and 1.10.33 of "de Finibus Bonorum et Malorum" (The Extremes of Good and Evil) by Cicero, written in 45 BC. This book is a treatise on the theory of ethics, very popular during the Renaissance. The first line of Lorem Ipsum, "Lorem ipsum dolor sit amet..", comes from a line in section 1.10.32.\n\n                                The standard chunk of Lorem Ipsum used since the 1500s is reproduced below for those interested. Sections 1.10.32 and 1.10.33 from "de Finibus Bonorum et Malorum" by Cicero are also reproduced in their exact original form, accompanied by English versions from the 1914 translation by H. Rackham.\n                            ', '4th January, 2016', NULL, '/images/innovationheader.png', NULL, NULL, NULL, NULL, '2017-02-01 10:40:42', '2017-02-01 10:40:42');
INSERT INTO `events` (`id`, `industry_id`, `name`, `address`, `brief_profile`, `event_date`, `registration_link`, `logo_url`, `contact_name`, `contact_email`, `contact_phone_no`, `trending`, `created_at`, `updated_at`) VALUES
(20, NULL, 'Drink With Us', '149, Herbert Macauly Road, Surulere, Lagos, Nigeria.', '  What is Lorem Ipsum?\n                                Lorem Ipsum is simply dummy text of the printing and typesetting industry. Lorem Ipsum has been the industry''s standard dummy text ever since the 1500s, when an unknown printer took a galley of type and scrambled it to make a type specimen book. It has survived not only five centuries, but also the leap into electronic typesetting, remaining essentially unchanged. It was popularised in the 1960s with the release of Letraset sheets containing Lorem Ipsum passages, and more recently with desktop publishing software like Aldus PageMaker including versions of Lorem Ipsum.\n\n                                Why do we use it?\n                                It is a long established fact that a reader will be distracted by the readable content of a page when looking at its layout. The point of using Lorem Ipsum is that it has a more-or-less normal distribution of letters, as opposed to using ''Content here, content here'', making it look like readable English. Many desktop publishing packages and web page editors now use Lorem Ipsum as their default model text, and a search for ''lorem ipsum'' will uncover many web sites still in their infancy. Various versions have evolved over the years, sometimes by accident, sometimes on purpose (injected humour and the like).\n\n\n                                Where does it come from?\n                                Contrary to popular belief, Lorem Ipsum is not simply random text. It has roots in a piece of classical Latin literature from 45 BC, making it over 2000 years old. Richard McClintock, a Latin professor at Hampden-Sydney College in Virginia, looked up one of the more obscure Latin words, consectetur, from a Lorem Ipsum passage, and going through the cites of the word in classical literature, discovered the undoubtable source. Lorem Ipsum comes from sections 1.10.32 and 1.10.33 of "de Finibus Bonorum et Malorum" (The Extremes of Good and Evil) by Cicero, written in 45 BC. This book is a treatise on the theory of ethics, very popular during the Renaissance. The first line of Lorem Ipsum, "Lorem ipsum dolor sit amet..", comes from a line in section 1.10.32.\n\n                                The standard chunk of Lorem Ipsum used since the 1500s is reproduced below for those interested. Sections 1.10.32 and 1.10.33 from "de Finibus Bonorum et Malorum" by Cicero are also reproduced in their exact original form, accompanied by English versions from the 1914 translation by H. Rackham.What is Lorem Ipsum?\n                                Lorem Ipsum is simply dummy text of the printing and typesetting industry. Lorem Ipsum has been the industry''s standard dummy text ever since the 1500s, when an unknown printer took a galley of type and scrambled it to make a type specimen book. It has survived not only five centuries, but also the leap into electronic typesetting, remaining essentially unchanged. It was popularised in the 1960s with the release of Letraset sheets containing Lorem Ipsum passages, and more recently with desktop publishing software like Aldus PageMaker including versions of Lorem Ipsum.\n\n                                Why do we use it?\n                                It is a long established fact that a reader will be distracted by the readable content of a page when looking at its layout. The point of using Lorem Ipsum is that it has a more-or-less normal distribution of letters, as opposed to using ''Content here, content here'', making it look like readable English. Many desktop publishing packages and web page editors now use Lorem Ipsum as their default model text, and a search for ''lorem ipsum'' will uncover many web sites still in their infancy. Various versions have evolved over the years, sometimes by accident, sometimes on purpose (injected humour and the like).\n\n\n                                Where does it come from?\n                                Contrary to popular belief, Lorem Ipsum is not simply random text. It has roots in a piece of classical Latin literature from 45 BC, making it over 2000 years old. Richard McClintock, a Latin professor at Hampden-Sydney College in Virginia, looked up one of the more obscure Latin words, consectetur, from a Lorem Ipsum passage, and going through the cites of the word in classical literature, discovered the undoubtable source. Lorem Ipsum comes from sections 1.10.32 and 1.10.33 of "de Finibus Bonorum et Malorum" (The Extremes of Good and Evil) by Cicero, written in 45 BC. This book is a treatise on the theory of ethics, very popular during the Renaissance. The first line of Lorem Ipsum, "Lorem ipsum dolor sit amet..", comes from a line in section 1.10.32.\n\n                                The standard chunk of Lorem Ipsum used since the 1500s is reproduced below for those interested. Sections 1.10.32 and 1.10.33 from "de Finibus Bonorum et Malorum" by Cicero are also reproduced in their exact original form, accompanied by English versions from the 1914 translation by H. Rackham.\n                            ', '4th January, 2016', NULL, '/images/innovationheader.png', NULL, NULL, NULL, NULL, '2017-02-01 10:40:42', '2017-02-01 10:40:42'),
(21, NULL, 'Blank Dreams', '47, Avenue street, Gbolaha', NULL, '24th January, 2015', NULL, '/images/image.jpg', NULL, NULL, NULL, NULL, '2017-02-02 16:27:18', '2017-02-02 16:27:18'),
(22, NULL, 'Blank Dreams', '47, Avenue street, Gbolaha', NULL, '24th January, 2015', NULL, '/images/image.jpg', NULL, NULL, NULL, NULL, '2017-02-02 16:27:19', '2017-02-02 16:27:19'),
(23, NULL, 'Blank Dreams', '47, Avenue street, Gbolaha', NULL, '24th January, 2015', NULL, '/images/image.jpg', NULL, NULL, NULL, NULL, '2017-02-02 16:27:19', '2017-02-02 16:27:19'),
(24, 0, 'Blank Dreams', '47, Avenue street, Gbolaha', 'This is some slight descro', '24th January, 2015', NULL, NULL, 'Blank', 'blank@gmail.com', '08079769994', 1, '2017-02-02 16:27:19', '2017-02-09 17:46:50'),
(25, NULL, 'Blank Dreams', '47, Avenue street, Gbolaha', NULL, '24th January, 2015', NULL, '/images/image.jpg', NULL, NULL, NULL, NULL, '2017-02-02 16:27:19', '2017-02-02 16:27:19'),
(26, NULL, 'Blank Dreams', '47, Avenue street, Gbolaha', NULL, '24th January, 2015', NULL, '/images/image.jpg', NULL, NULL, NULL, NULL, '2017-02-02 16:27:19', '2017-02-02 16:27:19'),
(27, NULL, 'Blank Dreams', '47, Avenue street, Gbolaha', NULL, '24th January, 2015', NULL, '/images/image.jpg', NULL, NULL, NULL, NULL, '2017-02-02 16:27:19', '2017-02-02 16:27:19'),
(28, 0, 'Blank Dreams', '47, Avenue street, Gbolaha', 'hdjfvnm.', '24th January, 2015', 'www.google.com', NULL, 'dhkjfbvns.fm,', 'blank@gmail.com', '07089906770', 1, '2017-02-02 16:27:19', '2017-02-09 17:58:53'),
(29, NULL, 'Blank Dreams', '47, Avenue street, Gbolaha', NULL, '24th January, 2015', NULL, '/images/image.jpg', NULL, NULL, NULL, NULL, '2017-02-02 16:27:19', '2017-02-02 16:27:19'),
(30, NULL, 'Blank Dreams', '47, Avenue street, Gbolaha', NULL, '24th January, 2015', NULL, '/images/image.jpg', NULL, NULL, NULL, NULL, '2017-02-02 16:27:19', '2017-02-02 16:27:19'),
(31, NULL, 'Blank Dreams', '47, Avenue street, Gbolaha', NULL, '24th January, 2015', NULL, '/images/image.jpg', NULL, NULL, NULL, NULL, '2017-02-02 16:27:19', '2017-02-02 16:27:19'),
(32, NULL, 'Blank Dreams', '47, Avenue street, Gbolaha', NULL, '24th January, 2015', NULL, '/images/image.jpg', NULL, NULL, NULL, NULL, '2017-02-02 16:27:20', '2017-02-02 16:27:20'),
(33, NULL, 'Blank Dreams', '47, Avenue street, Gbolaha', NULL, '24th January, 2015', NULL, '/images/image.jpg', NULL, NULL, NULL, NULL, '2017-02-02 16:27:20', '2017-02-02 16:27:20'),
(34, NULL, 'Blank Dreams', '47, Avenue street, Gbolaha', NULL, '24th January, 2015', NULL, '/images/image.jpg', NULL, NULL, NULL, NULL, '2017-02-02 16:27:20', '2017-02-02 16:27:20'),
(35, NULL, 'Blank Dreams', '47, Avenue street, Gbolaha', NULL, '24th January, 2015', NULL, '/images/image.jpg', NULL, NULL, NULL, NULL, '2017-02-02 16:27:20', '2017-02-02 16:27:20'),
(36, NULL, 'Blank Dreams', '47, Avenue street, Gbolaha', NULL, '24th January, 2015', NULL, '/images/image.jpg', NULL, NULL, NULL, NULL, '2017-02-02 16:27:20', '2017-02-02 16:27:20'),
(37, NULL, 'Blank Dreams', '47, Avenue street, Gbolaha', NULL, '24th January, 2015', NULL, '/images/image.jpg', NULL, NULL, NULL, NULL, '2017-02-02 16:27:20', '2017-02-02 16:27:20'),
(38, NULL, 'Blank Dreams', '47, Avenue street, Gbolaha', NULL, '24th January, 2015', NULL, '/images/image.jpg', NULL, NULL, NULL, NULL, '2017-02-02 16:27:20', '2017-02-02 16:27:20'),
(39, NULL, 'Blank Dreams', '47, Avenue street, Gbolaha', NULL, '24th January, 2015', NULL, '/images/image.jpg', NULL, NULL, NULL, NULL, '2017-02-02 16:27:20', '2017-02-02 16:27:20'),
(40, NULL, 'Blank Dreams', '47, Avenue street, Gbolaha', NULL, '24th January, 2015', NULL, '/images/image.jpg', NULL, NULL, NULL, NULL, '2017-02-02 16:27:20', '2017-02-02 16:27:20'),
(41, NULL, 'Blank Dreams', '47, Avenue street, Gbolaha', NULL, '24th January, 2015', NULL, '/images/image.jpg', NULL, NULL, NULL, NULL, '2017-02-02 16:27:20', '2017-02-02 16:27:20'),
(42, NULL, 'Blank Dreams', '47, Avenue street, Gbolaha', NULL, '24th January, 2015', NULL, '/images/image.jpg', NULL, NULL, NULL, NULL, '2017-02-02 16:27:21', '2017-02-02 16:27:21'),
(43, NULL, 'Blank Dreams', '47, Avenue street, Gbolaha', NULL, '24th January, 2015', NULL, '/images/image.jpg', NULL, NULL, NULL, NULL, '2017-02-02 16:27:21', '2017-02-02 16:27:21'),
(44, NULL, 'Blank Dreams', '47, Avenue street, Gbolaha', NULL, '24th January, 2015', NULL, '/images/image.jpg', NULL, NULL, NULL, NULL, '2017-02-02 16:27:21', '2017-02-02 16:27:21'),
(45, NULL, 'Blank Dreams', '47, Avenue street, Gbolaha', NULL, '24th January, 2015', NULL, '/images/image.jpg', NULL, NULL, NULL, NULL, '2017-02-02 16:27:21', '2017-02-02 16:27:21'),
(46, NULL, 'Blank Dreams', '47, Avenue street, Gbolaha', NULL, '24th January, 2015', NULL, '/images/image.jpg', NULL, NULL, NULL, NULL, '2017-02-02 16:27:21', '2017-02-02 16:27:21'),
(47, NULL, 'Blank Dreams', '47, Avenue street, Gbolaha', NULL, '24th January, 2015', NULL, '/images/image.jpg', NULL, NULL, NULL, NULL, '2017-02-02 16:27:21', '2017-02-02 16:27:21'),
(48, NULL, 'Blank Dreams', '47, Avenue street, Gbolaha', NULL, '24th January, 2015', NULL, '/images/image.jpg', NULL, NULL, NULL, NULL, '2017-02-02 16:27:21', '2017-02-02 16:27:21'),
(49, NULL, 'Blank Dreams', '47, Avenue street, Gbolaha', NULL, '24th January, 2015', NULL, '/images/image.jpg', NULL, NULL, NULL, NULL, '2017-02-02 16:27:21', '2017-02-02 16:27:21'),
(50, NULL, 'Blank Dreams', '47, Avenue street, Gbolaha', NULL, '24th January, 2015', NULL, '/images/image.jpg', NULL, NULL, NULL, NULL, '2017-02-02 16:27:21', '2017-02-02 16:27:21'),
(51, NULL, 'Blank Dreams', '47, Avenue street, Gbolaha', NULL, '24th January, 2015', NULL, '/images/image.jpg', NULL, NULL, NULL, NULL, '2017-02-02 16:27:21', '2017-02-02 16:27:21'),
(52, NULL, 'Blank Dreams', '47, Avenue street, Gbolaha', NULL, '24th January, 2015', NULL, '/images/image.jpg', NULL, NULL, NULL, NULL, '2017-02-02 16:27:21', '2017-02-02 16:27:21'),
(53, NULL, 'Blank Dreams', '47, Avenue street, Gbolaha', NULL, '24th January, 2015', NULL, '/images/image.jpg', NULL, NULL, NULL, NULL, '2017-02-02 16:27:21', '2017-02-02 16:27:21'),
(54, NULL, 'Blank Dreams', '47, Avenue street, Gbolaha', NULL, '24th January, 2015', NULL, '/images/image.jpg', NULL, NULL, NULL, NULL, '2017-02-02 16:27:21', '2017-02-02 16:27:21'),
(55, NULL, 'Blank Dreams', '47, Avenue street, Gbolaha', NULL, '24th January, 2015', NULL, '/images/image.jpg', NULL, NULL, NULL, NULL, '2017-02-02 16:27:21', '2017-02-02 16:27:21'),
(56, NULL, 'Blank Dreams', '47, Avenue street, Gbolaha', NULL, '24th January, 2015', NULL, '/images/image.jpg', NULL, NULL, NULL, NULL, '2017-02-02 16:27:21', '2017-02-02 16:27:21'),
(57, NULL, 'Blank Dreams', '47, Avenue street, Gbolaha', NULL, '24th January, 2015', NULL, '/images/image.jpg', NULL, NULL, NULL, NULL, '2017-02-02 16:27:21', '2017-02-02 16:27:21'),
(58, NULL, 'Blank Dreams', '47, Avenue street, Gbolaha', NULL, '24th January, 2015', NULL, '/images/image.jpg', NULL, NULL, NULL, NULL, '2017-02-02 16:27:21', '2017-02-02 16:27:21'),
(59, NULL, 'Blank Dreams', '47, Avenue street, Gbolaha', NULL, '24th January, 2015', NULL, '/images/image.jpg', NULL, NULL, NULL, NULL, '2017-02-02 16:27:21', '2017-02-02 16:27:21'),
(60, NULL, 'Blank Dreams', '47, Avenue street, Gbolaha', NULL, '24th January, 2015', NULL, '/images/image.jpg', NULL, NULL, NULL, NULL, '2017-02-02 16:27:21', '2017-02-02 16:27:21'),
(61, 0, 'hj', 'b1n', 'bnf', NULL, 'hj1mqwejhk', NULL, 'hwjkfn,', 'gkfnm,n,', '86868686866', 0, '2017-02-09 18:05:25', '2017-02-09 18:05:25');

-- --------------------------------------------------------

--
-- Table structure for table `industries`
--

CREATE TABLE `industries` (
  `id` int(11) NOT NULL,
  `industry_name` varchar(200) DEFAULT NULL,
  `industry_profile` varchar(200) DEFAULT NULL,
  `trending` tinyint(1) DEFAULT NULL,
  `created_at` datetime DEFAULT NULL,
  `updated_at` datetime DEFAULT NULL
) ENGINE=InnoDB DEFAULT CHARSET=latin1;

-- --------------------------------------------------------

--
-- Table structure for table `investments`
--

CREATE TABLE `investments` (
  `id` int(11) NOT NULL,
  `investor_id` int(11) DEFAULT NULL,
  `startup_id` int(11) DEFAULT NULL,
  `amount` int(11) DEFAULT NULL,
  `created_at` datetime DEFAULT NULL,
  `updated_at` datetime DEFAULT NULL
) ENGINE=InnoDB DEFAULT CHARSET=latin1;

-- --------------------------------------------------------

--
-- Table structure for table `investors`
--

CREATE TABLE `investors` (
  `id` int(11) NOT NULL,
  `name` varchar(200) DEFAULT NULL,
  `email` varchar(200) DEFAULT NULL,
  `phone_number` varchar(200) DEFAULT NULL,
  `dob` varchar(200) DEFAULT NULL,
  `brief_profile` varchar(200) DEFAULT NULL,
  `profile_pics_url` varchar(200) DEFAULT NULL,
  `company_id` int(11) DEFAULT NULL,
  `startup_id` int(11) DEFAULT NULL,
  `trending` tinyint(1) DEFAULT NULL,
  `created_at` datetime DEFAULT NULL,
  `updated_at` datetime DEFAULT NULL
) ENGINE=InnoDB DEFAULT CHARSET=latin1;

--
-- Dumping data for table `investors`
--

INSERT INTO `investors` (`id`, `name`, `email`, `phone_number`, `dob`, `brief_profile`, `profile_pics_url`, `company_id`, `startup_id`, `trending`, `created_at`, `updated_at`) VALUES
(1, 'Blank', 'emma@emma.com', '08080808080', '23/02/1998', 'This is some textThis is someThis is someThis is someThis is someThis is someThis is someThis is someThis is someThis is someThis is someThis is someThis is some', '/investor_profile_pic/emma@emma.com.jpeg', 0, 1, 1, '2017-01-20 23:11:24', '2017-01-20 23:11:24'),
(2, 'hdjnm', 'emmanueltimmy98@gmail.com', '08162798603', '31/03/2012', 'This is some textThis is some textThis is some textThis is some textThis is some textThis is some textThis is some textThis is some textThis is some textThis is some textThis is some textThis is some ', '/images/techpoint.png', 0, 1, 1, '2017-01-20 23:29:03', '2017-01-20 23:29:03');

-- --------------------------------------------------------

--
-- Table structure for table `projects`
--

CREATE TABLE `projects` (
  `id` int(11) NOT NULL,
  `user_id` int(11) DEFAULT NULL,
  `name` varchar(200) DEFAULT NULL,
  `description` varchar(200) DEFAULT NULL,
  `role` varchar(200) DEFAULT NULL,
  `created_at` datetime DEFAULT NULL,
  `updated_at` datetime DEFAULT NULL
) ENGINE=InnoDB DEFAULT CHARSET=latin1;

--
-- Dumping data for table `projects`
--

INSERT INTO `projects` (`id`, `user_id`, `name`, `description`, `role`, `created_at`, `updated_at`) VALUES
(1, 7, 'a:2:{i:0;s:6:"nmv,cb";i:1;s:5:"hfgjk";}', 'a:2:{i:0;s:7:"jhfbnmm";i:1;s:5:"jdhnm";}', NULL, '2017-01-15 13:42:38', '2017-01-15 14:11:00'),
(2, 8, 'a:3:{i:0;s:4:"fgjj";i:1;s:4:"hjbq";i:2;s:5:"rtgjn";}', 'a:3:{i:0;s:8:"hbhdjfvn";i:1;s:4:"khrj";i:2;s:4:"hjrn";}', NULL, '2017-01-16 11:35:15', '2017-01-16 13:02:11'),
(3, 1, '', '', '', '2017-01-20 22:19:44', '2017-01-20 22:19:44'),
(4, 2, '', '', '', '2017-01-20 22:30:38', '2017-01-20 22:30:38'),
(5, 4, '', '', '', '2017-01-20 22:31:12', '2017-01-20 22:31:12'),
(6, 9, 'a:2:{i:0;s:5:"Thisb";i:1;s:6:"Hsjsjs";}', 'a:2:{i:0;s:5:"That ";i:1;s:6:"Sjsjsj";}', NULL, '2017-01-22 20:53:45', '2017-01-22 20:53:45'),
(7, 12, 'a:1:{i:0;s:5:"djhbj";}', 'a:1:{i:0;s:7:"bjhrber";}', NULL, '2017-02-10 18:38:36', '2017-02-10 21:33:29'),
(8, 13, 'a:0:{}', 'a:0:{}', NULL, '2017-03-06 19:12:40', '2017-03-06 19:12:40');

-- --------------------------------------------------------

--
-- Table structure for table `ratings`
--

CREATE TABLE `ratings` (
  `id` int(11) NOT NULL,
  `user_id` int(11) DEFAULT NULL,
  `startup_id` int(11) DEFAULT NULL,
  `rating_number` int(11) DEFAULT NULL,
  `comment` varchar(3071) DEFAULT NULL,
  `created_at` datetime DEFAULT NULL,
  `updated_at` datetime DEFAULT NULL
) ENGINE=InnoDB DEFAULT CHARSET=latin1;

--
-- Dumping data for table `ratings`
--

INSERT INTO `ratings` (`id`, `user_id`, `startup_id`, `rating_number`, `comment`, `created_at`, `updated_at`) VALUES
(11, 8, 3, 2, 'This sis anic', '2017-01-26 16:12:00', '2017-02-02 19:21:39'),
(12, 8, 1, 4, 'This is an honest review.', '2017-01-26 22:59:24', '2017-01-26 22:59:41'),
(13, 8, 2, NULL, 'This os ohjgn', '2017-01-26 23:10:44', '2017-01-28 16:45:59'),
(14, 12, 2, 1, NULL, '2017-02-10 19:39:08', '2017-02-10 19:55:15'),
(15, 12, 4, 1, 'Thiis is some stuff', '2017-02-10 20:27:49', '2017-02-10 23:38:04'),
(16, 12, 1, 5, 'Wjat is u-', '2017-02-10 23:23:31', '2017-02-10 23:59:53'),
(17, 12, 3, 4, NULL, '2017-02-10 23:54:45', '2017-02-10 23:59:10'),
(18, 12, 5, 4, NULL, '2017-02-11 11:37:19', '2017-02-11 11:37:19'),
(19, 12, 6, NULL, 'This is an update', '2017-02-18 18:48:00', '2017-02-18 18:48:00');

-- --------------------------------------------------------

--
-- Table structure for table `schools`
--

CREATE TABLE `schools` (
  `id` int(11) NOT NULL,
  `name` varchar(200) DEFAULT NULL,
  `location` varchar(200) DEFAULT NULL,
  `brief_summary` varchar(2000) DEFAULT NULL,
  `logo_url` varchar(200) DEFAULT NULL,
  `trending` tinyint(1) DEFAULT NULL,
  `created_at` datetime DEFAULT NULL,
  `updated_at` datetime DEFAULT NULL,
  `ranking_no` int(11) DEFAULT NULL,
  `date_founded` varchar(2000) DEFAULT NULL,
  `current_vp` varchar(2000) DEFAULT NULL
) ENGINE=InnoDB DEFAULT CHARSET=latin1;

--
-- Dumping data for table `schools`
--

INSERT INTO `schools` (`id`, `name`, `location`, `brief_summary`, `logo_url`, `trending`, `created_at`, `updated_at`, `ranking_no`, `date_founded`, `current_vp`) VALUES
(1, 'Igbobi College', 'Yaba, Lagos', '\n\nLorem ipsum dolor sit amet, consectetur adipiscing elit. Donec quis iaculis massa, id volutpat augue. Quisque ac vehicula dui, at convallis lectus. Aenean et eros at erat sollicitudin ultrices a vel est. Morbi posuere placerat viverra. Vivamus placerat gravida hendrerit. Class aptent taciti sociosqu ad litora torquent per conubia nostra, per inceptos himenaeos. Duis eleifend lobortis lorem quis rhoncus. Morbi interdum, orci a lobortis bibendum, nibh diam imperdiet ex, in ornare enim tortor in leo. Nulla vitae congue arcu, nec feugiat turpis. Duis fringilla malesuada urna, aliquet lacinia tortor lacinia nec. Aenean blandit tincidunt neque sit amet mollis. Fusce condimentum sed ligula eget convallis. Suspendisse fringilla faucibus enim, vel iaculis diam egestas non.\n\nInteger non convallis urna. Maecenas id consequat turpis. Sed risus tortor, fermentum at massa sed, tempus imperdiet diam. Cum sociis natoque penatibus et magnis dis parturient montes, nascetur ridiculus mus. Aliquam in varius turpis. Aliquam sagittis auctor elit sit amet lobortis. Nunc efficitur orci cursus est ornare fermentum scelerisque consequat lacus. Maecenas rhoncus venenatis leo vestibulum hendrerit. Donec ut maximus nunc. Class aptent taciti sociosqu ad litora torquent per conubia nostra, per inceptos himenaeos. Nam vitae turpis semper, vehicula turpis et, faucibus mauris. Ut sagittis mauris orci, id tincidunt lectus congue a. Vestibulum fringilla eget diam rhoncus sollicitudin. Nulla facilisi. Phasellus pulvinar ultrices justo, porta tincidunt ex. ', '/images/oau-logo.jpg\n', 1, NULL, NULL, NULL, '2017', 'Dr. Grace Brentstein'),
(2, 'Winchester UK', 'London, UK', NULL, '/images/redbank.jpg', 1, NULL, NULL, NULL, NULL, NULL);

-- --------------------------------------------------------

--
-- Table structure for table `skills`
--

CREATE TABLE `skills` (
  `id` int(11) NOT NULL,
  `user_id` int(11) DEFAULT NULL,
  `name` varchar(200) DEFAULT NULL,
  `created_at` datetime DEFAULT NULL,
  `updated_at` datetime DEFAULT NULL
) ENGINE=InnoDB DEFAULT CHARSET=latin1;

--
-- Dumping data for table `skills`
--

INSERT INTO `skills` (`id`, `user_id`, `name`, `created_at`, `updated_at`) VALUES
(1, 8, 'dfhbnv,                  fvhjnksmfd,                  jhnkmr,                  thrtjgnkm,                  ertheb]rtbtrn]trre,          Thos,', '2017-01-16 11:50:20', '2017-01-28 16:37:36'),
(2, 1, '', '2017-01-20 22:19:44', '2017-01-20 22:19:44'),
(3, 2, '', '2017-01-20 22:30:38', '2017-01-20 22:30:38'),
(4, 4, '', '2017-01-20 22:31:12', '2017-01-20 22:31:12'),
(5, 9, 'Hehe, Ndjd, Hdjd, Hejd, Hdhd, Hdje, Uwkd, Jdkd,', '2017-01-22 20:53:46', '2017-01-22 20:53:46'),
(6, 12, 'This ,    That,    Great,', '2017-02-10 18:38:36', '2017-02-18 18:48:21'),
(7, 13, '', '2017-03-06 19:12:41', '2017-03-06 19:12:41');

-- --------------------------------------------------------

--
-- Table structure for table `startups`
--

CREATE TABLE `startups` (
  `id` int(11) NOT NULL,
  `user_id` int(11) DEFAULT NULL,
  `industry_id` int(11) DEFAULT NULL,
  `startup_name` varchar(767) DEFAULT NULL,
  `startup_brief` varchar(200) DEFAULT NULL,
  `founder_name` varchar(767) DEFAULT NULL,
  `logo_url` varchar(200) DEFAULT NULL,
  `address` varchar(200) DEFAULT NULL,
  `cac_registered` tinyint(1) DEFAULT NULL,
  `cac_registration_date` varchar(200) DEFAULT NULL,
  `confirmation_status` tinyint(1) DEFAULT NULL,
  `trending` tinyint(1) DEFAULT NULL,
  `created_at` datetime DEFAULT NULL,
  `updated_at` datetime DEFAULT NULL,
  `phone_number` varchar(45) DEFAULT NULL,
  `email` varchar(45) DEFAULT NULL,
  `startup_long` longtext,
  `team_size` varchar(25) DEFAULT NULL,
  `date` date DEFAULT NULL,
  `amount` bigint(20) DEFAULT NULL,
  `round` varchar(25) DEFAULT NULL,
  `investor` varchar(45) DEFAULT NULL,
  `category` varchar(25) DEFAULT NULL,
  `website` varchar(45) DEFAULT NULL,
  `founded` varchar(45) DEFAULT NULL,
  `facebook` varchar(25) DEFAULT NULL,
  `linkedin` varchar(25) DEFAULT NULL,
  `twitter` varchar(25) DEFAULT NULL,
  `founder_image_url` longtext,
  `ranking_no` int(11) DEFAULT NULL
) ENGINE=InnoDB DEFAULT CHARSET=latin1;

--
-- Dumping data for table `startups`
--

INSERT INTO `startups` (`id`, `user_id`, `industry_id`, `startup_name`, `startup_brief`, `founder_name`, `logo_url`, `address`, `cac_registered`, `cac_registration_date`, `confirmation_status`, `trending`, `created_at`, `updated_at`, `phone_number`, `email`, `startup_long`, `team_size`, `date`, `amount`, `round`, `investor`, `category`, `website`, `founded`, `facebook`, `linkedin`, `twitter`, `founder_image_url`, `ranking_no`) VALUES
(1, 4, 0, 'dfbnn', 'This is someThis is someThis is someThis is someThis is someThis is someThis is someThis is someThis is someThis is someThis is someThis is someThis is some', 'a:5:{i:0;s:7:"dfvjbfv";i:1;s:7:"fjvhdbf";i:2;s:9:"rtdbjhbjf";i:3;s:8:"erjhberf";i:4;s:6:"rhfjer";}', '/startup_logos/dfbnn.png', 'hfjnmfg', 0, '', 0, 1, '2017-01-17 02:15:00', '2017-01-20 23:02:24', '7454858458458', 'fhj@h.com', '', '2', '0000-00-00', 0, NULL, '', '1', 'google.com', '2017', '', '', '', 'a:5:{i:0;s:27:"profile_pics/945202851.jpeg";i:1;s:27:"profile_pics/611525059.jpeg";i:2;s:26:"profile_pics/925831624.png";i:3;s:27:"profile_pics/998047410.jpeg";i:4;s:27:"profile_pics/968146365.jpeg";}', NULL),
(2, 8, NULL, 'Bakare Emmanuel Tiemma', 'This is some text.', 'a:1:{i:0;s:25:"emmanueltimmy98@gmail.com";}', '/startup_logos/2.jpeg', NULL, NULL, NULL, NULL, NULL, '2017-01-22 13:32:00', '2017-01-22 20:22:51', '8162798603', 'emmanueltimmy98@gmail.comd', '                                                                                                                                                                                                                                                                                        This is a very long description\r\n                                    \r\n                                    \r\n                                    \r\n                                    \r\n                                    \r\n                                    \r\n                                    ', NULL, '2015-02-11', 10000, NULL, '', NULL, 'google.com', '2013', 'Blak', 'gdhf', 'THos', NULL, NULL),
(3, 8, NULL, 'Black Eyed Peas', 'This is a very short description', 'a:5:{i:0;s:27:"bakareemmauel98@outlook.com";i:1;s:7:"g@g.com";i:2;s:8:"g@hj.com";i:3;s:7:"j@j.com";i:4;s:13:"emma@emma.com";}', '/startup_logos/3.jpeg', NULL, NULL, NULL, NULL, NULL, '2017-01-22 14:37:02', '2017-01-22 20:20:40', '08008080808', 'emmanueltimmy98@gmail.comdd', '                                                                                                                                                                                                                                                                                                                                                                                                                                                                                                                                        \r\n                                    \r\n                                    \r\n                                    \r\n                                    \r\n                                    \r\n                                    \r\n                                    \r\n                                    \r\n                                    \r\n                                    \r\n                                    \r\n                                    \r\n                                    ', NULL, '0000-00-00', 0, NULL, '', NULL, 'http://google.com', '2016', 'Blak', 'Yello', 'Green', NULL, NULL),
(4, 8, NULL, 'Blanks', 'Ths os ajdhf', 'a:6:{i:0;s:25:"emmanueltimmy98@gmail.com";i:1;s:27:"emmanueltimmy98@outlook.com";i:2;s:27:"bakareemmauel98@outlook.com";i:3;s:7:"g@g.com";i:4;s:8:"g@hj.com";i:5;s:13:"emma@emma.com";}', NULL, NULL, NULL, NULL, NULL, NULL, '2017-01-22 19:00:28', '2017-01-22 19:01:45', '09474946494', 'emmanueltimmy98f@gmail.com', '                                        \r\n                                    ', NULL, '0000-00-00', 0, NULL, '', NULL, 'http://google.com', '2014', '', '', '', NULL, NULL),
(5, 9, NULL, 'Hdndnd', 'Ekrkdmdmfmdmdmd', 'a:4:{i:0;s:27:"emmanueltimmy98@outlook.com";i:1;s:27:"bakareemmauel98@outlook.com";i:2;s:7:"g@g.com";i:3;s:7:"j@j.com";}', NULL, NULL, NULL, NULL, NULL, NULL, '2017-01-22 21:09:37', '2017-01-22 21:29:15', '082637484', 'j@h.c', '                                                                                                                                                                                                        \r\n                                    \r\n                                    \r\n                                    \r\n                                    \r\n                                    ', NULL, '0000-00-00', 0, NULL, '', NULL, 'Ekrkdmdmfmdmdmd', '2013', '', '', '', NULL, NULL),
(6, 12, NULL, 'Bakare EMmanuel', 'This sis a short description about how this is supposed to look like and I get it sounds fine to beat around the bush a bit to get a little info in this very tiny textarea box.', 'a:2:{i:0;s:25:"emmanueltimmy98@gmail.com";i:1;s:5:"g@g.c";}', '/startup_logos/91439.jpeg', NULL, NULL, NULL, NULL, NULL, '2017-02-18 18:37:10', '2017-02-18 18:40:18', '08045564455', 'gb@hn.com', '                                                                                \r\n                                    \r\n                                    ', NULL, '0000-00-00', 0, NULL, '', '1', 'http://google.com', '2013', '', '', '', NULL, NULL),
(7, 13, NULL, 'Bakare''s Startup', 'This is a very short description about how I want people to view my startup.', 'a:4:{i:0;s:25:"emmanueltimmy98@gmail.com";i:1;s:27:"emmanueltimmy98@outlook.com";i:2;s:13:"emma@emma.com";i:3;s:28:"bakareemmanuel98@outlook.com";}', NULL, NULL, NULL, NULL, NULL, NULL, '2017-03-06 15:41:36', '2017-03-06 15:56:33', '08162798604', 'bakare@gmail.com', '                                                                                                                        This is a rather long but short description about what I feel is right about what I am doing.\r\n                                    \r\n                                    \r\n                                    ', '2', '1998-03-11', 40, NULL, '', '0', 'google.com', '2013', 'Tiemma', 'Tiemma', 'Tiemma', NULL, NULL);

-- --------------------------------------------------------

--
-- Table structure for table `users`
--

CREATE TABLE `users` (
  `id` int(11) NOT NULL,
  `school_id` int(11) DEFAULT NULL,
  `first_name` varchar(200) DEFAULT NULL,
  `last_name` varchar(200) DEFAULT NULL,
  `email` varchar(200) DEFAULT NULL,
  `email_hash` varchar(400) DEFAULT NULL,
  `password` varchar(200) DEFAULT NULL,
  `profile_pics_url` varchar(200) DEFAULT NULL,
  `sex` varchar(200) DEFAULT NULL,
  `dob` varchar(200) DEFAULT NULL,
  `phone_number` varchar(200) DEFAULT NULL,
  `brief_profile` text,
  `social_channel` varchar(200) DEFAULT NULL,
  `confirmation_status` tinyint(1) DEFAULT NULL,
  `created_at` datetime DEFAULT NULL,
  `updated_at` datetime DEFAULT NULL,
  `remember_token` varchar(200) DEFAULT NULL,
  `ranking_no` int(11) DEFAULT NULL
) ENGINE=InnoDB DEFAULT CHARSET=latin1;

--
-- Dumping data for table `users`
--

INSERT INTO `users` (`id`, `school_id`, `first_name`, `last_name`, `email`, `email_hash`, `password`, `profile_pics_url`, `sex`, `dob`, `phone_number`, `brief_profile`, `social_channel`, `confirmation_status`, `created_at`, `updated_at`, `remember_token`, `ranking_no`) VALUES
(1, 0, 'Bakare', 'Emmanuel', 'emmanueltimmy98@gmail.com', '', '$2y$10$h03nVWqRUnUTMu2gJslrLuOGMBOr7xJId6I7cC5RvVBhXdunVBPt.', '/profile_pics/1.jpeg', 'male', '', '', 'The greatness and popularity of the Obafemi Awolowo University (OAU) is by no means an accident. Founded in 1962 as the University of Ife but rechristened by the Federal Military Government as the Obafemi Awolowo University on May 12, 1987, in honour of one of its most distinguished founding fathers and eminent nationalist, politician, lawyer, stateman and former chancellor, Chief Jeremiah Obafemi Awolowo', 'a:3:{s:7:"twitter";s:0:"";s:8:"facebook";s:0:"";s:8:"linkedin";s:0:"";}', 1, '2017-01-11 09:42:44', '2017-03-06 19:23:08', 'NWLIWNv0v4bjM2UwhV0gZRJIqxn99ljy8YdxhJFvh66V9gib582ArOZlXFMu', NULL),
(2, 0, 'Bakare', 'Emmanuel', 'emmanueltimmy98@outlook.com', '', 'Tiemma', '/profile_pics/2.jpeg', 'male', '31/08/2yyy', '08162798603', 'This is some text/This is some text/This is some text/This is some text/This is some text/This is some text/This is some text/This is some text/This is some text/This is some text/This is some text/This is some text/This is some text/This is some text/This is some text/This is some text/This is some text/This is some text/This is some text/This is some text/This is some text/This is some text/This is some text/This is some text/This is some text/This is some text/This is some text/This is some text/This is some text/This is some text/This is some text/This is some text/This is some text/This is some text/This is some text/This is some text/', 'a:3:{s:7:"twitter";s:0:"";s:8:"facebook";s:0:"";s:8:"linkedin";s:0:"";}', 1, '2017-01-11 09:47:13', '2017-02-28 00:33:32', NULL, NULL),
(4, 0, ' jhfnm', 'hjrnm', 'bakareemmauel98@outlook.com', '', 'Tiemma', ' https://www.gravatar.com/avatar/53628fd2606be83e6343cba7917b3ef3?s=400', 'male', '', '', 'This is some stuff..This is some stuff..This is some stuff..This is some stuff..This is some stuff..This is some stuff..This is some stuff..This is some stuff..This is some stuff..This is some stuff..This is some stuff..This is some stuff..This is some stuff..This is some stuff..This is some stuff..This is some stuff..This is some stuff..This is some stuff..This is some stuff..This is some stuff..This is some stuff..This is some stuff..This is some stuff..This is some stuff..This is some stuff..This is some stuff..This is some stuff..This is some stuff..This is some stuff..This is some stuff..This is some stuff..This is some stuff..This is some stuff..This is some stuff..This is some stuff..This is some stuff..This is some stuff..This is some stuff..This is some stuff..This is some stuff..This is some stuff..This is some stuff..This is some stuff..This is some stuff..This is some stuff..This is some stuff..This is some stuff..v', 'a:3:{s:7:"twitter";s:0:"";s:8:"facebook";s:0:"";s:8:"linkedin";s:0:"";}', 1, '2017-01-15 10:55:45', '2017-02-28 00:33:32', 'jhXBjSEXn84h18oDOZWWglfoUQntZUrbFV9YuzoQYuqVMM9LTHqKZtmn0Gnu', NULL),
(5, NULL, 'Bakare', 'Emmanuel', 'g@g.com', '', '$2y$10$vI9I1Agcl6NFaQGQZwgHfObEQaHtWheyeU5QYojvAr7zlGLDVcbZ2', ' https://www.gravatar.com/avatar/53628fd2606be83e6343cba7917b3ef3?s=400', NULL, NULL, NULL, NULL, NULL, NULL, '2017-01-15 11:21:19', '2017-02-28 00:33:33', 'ekzisJaejyAWRZtJ2mqICAyVUfM5KlBzODrbPFSKETlZnU48DJ6yVeXBhvMR', NULL),
(6, NULL, 'dhjn', 'hsjdjnm', 'g@hj.com', '', '$2y$10$DFqvD9T5tOj5zpvPDr0xzerYs3zT7mNenNP1RBKLoFmAqLad.kNfa', ' https://www.gravatar.com/avatar/0522554006181cdad6f83126a510ac92?s=400', NULL, NULL, NULL, NULL, NULL, NULL, '2017-01-15 11:22:25', '2017-02-28 00:33:33', 'jjWfHyiTmFpY5DqrvdbpgJw9ij5OelkUlma31PfDiyqiKBKIZfgzCyEsAFn4', NULL),
(7, NULL, 'dfv', 'jhwknk', 'j@j.com', '', '$2y$10$PL.aBe4dYJ5ASWiuy9q96eZsFfwzqi9lhLIwuw1oM2QjIgbYRc4Ny', '/profile_pics/4.jpeg', '1', '4 1 1980', '56', 'This is it\r\n', 'a:3:{s:8:"facebook";s:4:"ths;";s:7:"twitter";s:8:"jhfnmerf";s:8:"linkedin";s:6:"jhrfnm";}', NULL, '2017-01-15 11:30:22', '2017-02-28 00:33:33', 'auh1FQpCjrVuAQUWC4L7tAbFRENAhOqUFGjOHTdkZdFaXlAadkAVbDVhoLJG', NULL),
(8, NULL, 'Bakare', 'Emmanuel', 'emma@emma.com', '', '$2y$10$TgrstuJEr5YEXvK20FSCFOso4JKi.1FqvFduqs/4UzcWUsZfyJvhq', 'profile_pics/8.jpeg', '0', '5 5 1985', '08162798603', 'This is a very bried profile', 'a:3:{s:8:"facebook";s:6:"jehjfn";s:7:"twitter";s:7:"hjgnmm,";s:8:"linkedin";s:7:"ghrbgnm";}', 1, '2017-01-16 11:15:58', '2017-02-28 00:33:33', 'GdsCE1uHN1xbjS1Eo7oj5vvuWDheGycMcfN1CI5RMzMK81IM5TfgF2ZHkwUJ', NULL),
(9, NULL, 'Bakare', 'Emmanuel', 'h@u.com', '', '$2y$10$6fywRX4/jWv3QWNq7lfcEO8JI1OBAKisR.gXYZKiz.TZgGmMyQSb2', 'profile_pics/9.jpeg', '1', '5 4 2013', '08162798605', 'This is some text and regards this ', 'a:3:{s:8:"facebook";s:0:"";s:7:"twitter";s:0:"";s:8:"linkedin";s:0:"";}', 1, '2017-01-22 20:47:17', '2017-02-28 00:33:33', NULL, NULL),
(10, NULL, 'Bakare ', 'Blank ', 'g@g.c', '', '$2y$10$FPUPWy4ffoDmM6R2dh1J1uvcjT/Rr1mkWJBLZm0COq0bt5d3ROK1a', ' http://www.gravatar.com/avatar/95a5db34d683c72ee1cda01f23476b73?s=400', NULL, NULL, NULL, NULL, NULL, NULL, '2017-01-27 00:08:02', '2017-02-28 00:33:34', NULL, NULL),
(11, NULL, 'Bakare', 'Emmanuel', 'bakareemmanuel98@outlook.com', '', '$2y$10$ReCLIM.fn2hu1w5IcAK.cu4Ui7.4bAiBBYvr51GuGozzdSHSS1Y4u', ' http://www.gravatar.com/avatar/53628fd2606be83e6343cba7917b3ef3?s=400', NULL, NULL, NULL, NULL, NULL, NULL, '2017-02-09 15:55:11', '2017-02-28 00:33:34', NULL, NULL),
(12, 2, 'Bakare', 'Emmanuel', 'b@b.com', '', '$2y$10$sI0NSdAS07z821VZ36GJV.dNQBcUBtwKOsftFTWnfjOWjy6EBWD/y', ' http://www.gravatar.com/avatar/2076105f6efe7c11e285add95f514b9a?s=400', '1', '3 3 1983', '08162798604', '', 'a:3:{s:8:"facebook";s:0:"";s:7:"twitter";s:0:"";s:8:"linkedin";s:0:"";}', NULL, '2017-02-10 16:56:10', '2017-02-28 16:57:29', 'RR9yMApYGCsAsD42wFIyKu5OoRscQLPs51qNqzp7LynhQJpmROF4PIwLMMsT', NULL),
(13, 1, 'Bakare', 'Emmanuel', 'gh@j.com', '$2y$10$5ZyDiiVkLk8zntFUbjpNs.CnwY9NdPIEInzjPO.xo.q3lECMFpqTC', '$2y$10$tMkUI2W4SNdP8Lp0Y09lMuCk5PTgFqgZcKXJf9wvUyMxV6lKQ1jiO', ' http://www.gravatar.com/avatar/f82935cf7832448090284d4aeca71707?s=400', '1', '14 10 1996', '08162798604', '', 'a:3:{s:8:"facebook";s:0:"";s:7:"twitter";s:0:"";s:8:"linkedin";s:0:"";}', NULL, '2017-03-06 15:07:31', '2017-03-06 19:21:35', 'PofLLYmnCBEFmPTqvuxdfr7uXTMXjkvwZl5d9foIsH33yUwXrgLltSJAO4r4', NULL);

-- --------------------------------------------------------

--
-- Table structure for table `work_experiences`
--

CREATE TABLE `work_experiences` (
  `id` int(11) NOT NULL,
  `user_id` int(11) DEFAULT NULL,
  `company_name` varchar(200) DEFAULT NULL,
  `role` varchar(200) DEFAULT NULL,
  `description` varchar(200) DEFAULT NULL,
  `primary_work_index` varchar(766) DEFAULT NULL,
  `start_date` varchar(200) DEFAULT NULL,
  `end_date` varchar(200) DEFAULT NULL,
  `employed_status` varchar(200) DEFAULT NULL,
  `created_at` datetime DEFAULT NULL,
  `updated_at` datetime DEFAULT NULL
) ENGINE=InnoDB DEFAULT CHARSET=latin1;

--
-- Dumping data for table `work_experiences`
--

INSERT INTO `work_experiences` (`id`, `user_id`, `company_name`, `role`, `description`, `primary_work_index`, `start_date`, `end_date`, `employed_status`, `created_at`, `updated_at`) VALUES
(1, 7, 'a:1:{i:0;s:4:"dfhj";}', 'a:1:{i:0;s:3:"cbn";}', 'a:1:{i:0;s:5:"hebnc";}', NULL, '2 1990*', NULL, 'a:1:{i:0;s:1:"1";}', '2017-01-15 15:01:32', '2017-01-15 15:07:18'),
(2, 8, 'a:3:{i:0;s:4:"fhjn";i:1;s:6:"etjhbj";i:2;s:6:"jhdfvn";}', 'a:3:{i:0;s:6:"hwjefj";i:1;s:6:"hwjefj";i:2;s:6:"ghrber";}', 'a:3:{i:0;s:6:"hjefmn";i:1;s:6:"hjefmn";i:2;s:11:"rt hjkhekrt";}', '1', '4 1983*4 1983*7 1994*', '4 1986*', 'a:3:{i:0;s:1:"0";i:1;s:1:"1";i:2;s:1:"1";}', '2017-01-16 11:35:15', '2017-01-28 16:37:36'),
(3, 9, 'a:2:{i:0;s:6:"Hsjsjs";i:1;s:6:"Hsjsjs";}', 'a:2:{i:0;s:6:"Bsjsjs";i:1;s:2:"Sh";}', 'a:2:{i:0;s:8:"Bsnsjsjs";i:1;s:6:"Hehsne";}', NULL, '3 1984*4 1984*', '5 1985*6 1984*', 'a:2:{i:0;s:1:"0";i:1;s:1:"0";}', '2017-01-22 20:53:46', '2017-01-22 20:53:46'),
(4, 12, 'a:1:{i:0;s:14:"HealthFacts NG";}', 'a:1:{i:0;s:6:"Blank`";}', 'a:1:{i:0;s:5:"Blank";}', '0', '2 1994*', NULL, 'a:1:{i:0;s:1:"1";}', '2017-02-10 18:38:36', '2017-02-18 18:48:21'),
(5, 13, 'a:2:{i:0;s:14:"HealthFacts NG";i:1;s:11:"Google Inc.";}', 'a:2:{i:0;s:8:"Engineer";i:1;s:6:"Banker";}', 'a:2:{i:0;s:27:"This is a short description";i:1;s:22:"I am a google endineer";}', '-0.5', '8 1995*8 1997*', NULL, 'a:2:{i:0;s:1:"1";i:1;s:1:"1";}', '2017-03-06 19:12:40', '2017-03-06 19:12:40');

--
-- Indexes for dumped tables
--

--
-- Indexes for table `admins`
--
ALTER TABLE `admins`
  ADD PRIMARY KEY (`id`),
  ADD UNIQUE KEY `username` (`username`,`email`,`phone_number`);

--
-- Indexes for table `companies`
--
ALTER TABLE `companies`
  ADD PRIMARY KEY (`id`),
  ADD UNIQUE KEY `name` (`name`);

--
-- Indexes for table `events`
--
ALTER TABLE `events`
  ADD PRIMARY KEY (`id`);

--
-- Indexes for table `industries`
--
ALTER TABLE `industries`
  ADD PRIMARY KEY (`id`),
  ADD UNIQUE KEY `industry_name` (`industry_name`);

--
-- Indexes for table `investments`
--
ALTER TABLE `investments`
  ADD PRIMARY KEY (`id`),
  ADD KEY `startup_id` (`startup_id`);

--
-- Indexes for table `investors`
--
ALTER TABLE `investors`
  ADD PRIMARY KEY (`id`),
  ADD UNIQUE KEY `email` (`email`,`phone_number`);

--
-- Indexes for table `projects`
--
ALTER TABLE `projects`
  ADD PRIMARY KEY (`id`),
  ADD KEY `user_id` (`user_id`);

--
-- Indexes for table `ratings`
--
ALTER TABLE `ratings`
  ADD PRIMARY KEY (`id`),
  ADD KEY `startup_id` (`startup_id`);

--
-- Indexes for table `schools`
--
ALTER TABLE `schools`
  ADD PRIMARY KEY (`id`),
  ADD UNIQUE KEY `name` (`name`);

--
-- Indexes for table `skills`
--
ALTER TABLE `skills`
  ADD PRIMARY KEY (`id`);

--
-- Indexes for table `startups`
--
ALTER TABLE `startups`
  ADD PRIMARY KEY (`id`),
  ADD UNIQUE KEY `startup_name` (`startup_name`),
  ADD UNIQUE KEY `email_UNIQUE` (`email`),
  ADD KEY `user_id` (`user_id`);

--
-- Indexes for table `users`
--
ALTER TABLE `users`
  ADD PRIMARY KEY (`id`),
  ADD UNIQUE KEY `email` (`email`,`phone_number`);

--
-- Indexes for table `work_experiences`
--
ALTER TABLE `work_experiences`
  ADD PRIMARY KEY (`id`),
  ADD KEY `user_id` (`user_id`);

--
-- AUTO_INCREMENT for dumped tables
--

--
-- AUTO_INCREMENT for table `admins`
--
ALTER TABLE `admins`
  MODIFY `id` int(11) NOT NULL AUTO_INCREMENT, AUTO_INCREMENT=3;
--
-- AUTO_INCREMENT for table `companies`
--
ALTER TABLE `companies`
  MODIFY `id` int(11) NOT NULL AUTO_INCREMENT, AUTO_INCREMENT=3;
--
-- AUTO_INCREMENT for table `events`
--
ALTER TABLE `events`
  MODIFY `id` int(11) NOT NULL AUTO_INCREMENT, AUTO_INCREMENT=62;
--
-- AUTO_INCREMENT for table `industries`
--
ALTER TABLE `industries`
  MODIFY `id` int(11) NOT NULL AUTO_INCREMENT;
--
-- AUTO_INCREMENT for table `investments`
--
ALTER TABLE `investments`
  MODIFY `id` int(11) NOT NULL AUTO_INCREMENT;
--
-- AUTO_INCREMENT for table `investors`
--
ALTER TABLE `investors`
  MODIFY `id` int(11) NOT NULL AUTO_INCREMENT, AUTO_INCREMENT=3;
--
-- AUTO_INCREMENT for table `projects`
--
ALTER TABLE `projects`
  MODIFY `id` int(11) NOT NULL AUTO_INCREMENT, AUTO_INCREMENT=9;
--
-- AUTO_INCREMENT for table `ratings`
--
ALTER TABLE `ratings`
  MODIFY `id` int(11) NOT NULL AUTO_INCREMENT, AUTO_INCREMENT=20;
--
-- AUTO_INCREMENT for table `schools`
--
ALTER TABLE `schools`
  MODIFY `id` int(11) NOT NULL AUTO_INCREMENT, AUTO_INCREMENT=3;
--
-- AUTO_INCREMENT for table `skills`
--
ALTER TABLE `skills`
  MODIFY `id` int(11) NOT NULL AUTO_INCREMENT, AUTO_INCREMENT=8;
--
-- AUTO_INCREMENT for table `startups`
--
ALTER TABLE `startups`
  MODIFY `id` int(11) NOT NULL AUTO_INCREMENT, AUTO_INCREMENT=8;
--
-- AUTO_INCREMENT for table `users`
--
ALTER TABLE `users`
  MODIFY `id` int(11) NOT NULL AUTO_INCREMENT, AUTO_INCREMENT=14;
--
-- AUTO_INCREMENT for table `work_experiences`
--
ALTER TABLE `work_experiences`
  MODIFY `id` int(11) NOT NULL AUTO_INCREMENT, AUTO_INCREMENT=6;
--
-- Constraints for dumped tables
--

--
-- Constraints for table `investments`
--
ALTER TABLE `investments`
  ADD CONSTRAINT `investments_ibfk_1` FOREIGN KEY (`startup_id`) REFERENCES `startups` (`id`) ON DELETE CASCADE;

--
-- Constraints for table `projects`
--
ALTER TABLE `projects`
  ADD CONSTRAINT `projects_ibfk_1` FOREIGN KEY (`user_id`) REFERENCES `users` (`id`) ON DELETE CASCADE;

--
-- Constraints for table `ratings`
--
ALTER TABLE `ratings`
  ADD CONSTRAINT `ratings_ibfk_1` FOREIGN KEY (`startup_id`) REFERENCES `startups` (`id`) ON DELETE CASCADE;

--
-- Constraints for table `startups`
--
ALTER TABLE `startups`
  ADD CONSTRAINT `startups_ibfk_1` FOREIGN KEY (`user_id`) REFERENCES `users` (`id`) ON DELETE CASCADE;

--
-- Constraints for table `work_experiences`
--
ALTER TABLE `work_experiences`
  ADD CONSTRAINT `work_experiences_ibfk_1` FOREIGN KEY (`user_id`) REFERENCES `users` (`id`) ON DELETE CASCADE;

/*!40101 SET CHARACTER_SET_CLIENT=@OLD_CHARACTER_SET_CLIENT */;
/*!40101 SET CHARACTER_SET_RESULTS=@OLD_CHARACTER_SET_RESULTS */;
/*!40101 SET COLLATION_CONNECTION=@OLD_COLLATION_CONNECTION */;
